GAS LISTING C:\Users\SEBAST~1\AppData\Local\Temp\ccYar430.s 			page 1


   1              		.file	"cdc_acm_core.c"
   2              		.option nopic
   3              		.attribute arch, "rv32i2p0_m2p0_a2p0_c2p0"
   4              		.attribute unaligned_access, 0
   5              		.attribute stack_align, 16
   6              		.text
   7              	.Ltext0:
   8              		.cfi_sections	.debug_frame
   9              		.comm	usb_data_buffer,64,4
  10              		.comm	usb_cmd_buffer,8,4
  11              		.globl	packet_sent
  12              		.globl	packet_receive
  13              		.globl	receive_length
  14              		.globl	rx_custom_cb
  15              		.globl	linecoding
  16              		.globl	device_descriptor
  17              		.globl	configuration_descriptor
  18              		.globl	usbd_language_id_desc
  19              		.globl	usbd_strings
  20              		.section	.text.cdc_acm_init,"ax",@progbits
  21              		.align	1
  22              		.globl	cdc_acm_init
  24              	cdc_acm_init:
  25              	.LFB3:
  26              		.file 1 "./../../firmware/debugger/lib/usbcdc/src/cdc_acm_core.c"
   1:./../../firmware/debugger/lib/usbcdc/src/cdc_acm_core.c **** /*!
   2:./../../firmware/debugger/lib/usbcdc/src/cdc_acm_core.c ****     \file  cdc_acm_core.c
   3:./../../firmware/debugger/lib/usbcdc/src/cdc_acm_core.c ****     \brief CDC ACM driver
   4:./../../firmware/debugger/lib/usbcdc/src/cdc_acm_core.c **** 
   5:./../../firmware/debugger/lib/usbcdc/src/cdc_acm_core.c ****     \version 2019-6-5, V1.0.0, demo for GD32VF103
   6:./../../firmware/debugger/lib/usbcdc/src/cdc_acm_core.c **** */
   7:./../../firmware/debugger/lib/usbcdc/src/cdc_acm_core.c **** 
   8:./../../firmware/debugger/lib/usbcdc/src/cdc_acm_core.c **** /*
   9:./../../firmware/debugger/lib/usbcdc/src/cdc_acm_core.c ****     Copyright (c) 2019, GigaDevice Semiconductor Inc.
  10:./../../firmware/debugger/lib/usbcdc/src/cdc_acm_core.c **** 
  11:./../../firmware/debugger/lib/usbcdc/src/cdc_acm_core.c ****     Redistribution and use in source and binary forms, with or without modification, 
  12:./../../firmware/debugger/lib/usbcdc/src/cdc_acm_core.c **** are permitted provided that the following conditions are met:
  13:./../../firmware/debugger/lib/usbcdc/src/cdc_acm_core.c **** 
  14:./../../firmware/debugger/lib/usbcdc/src/cdc_acm_core.c ****     1. Redistributions of source code must retain the above copyright notice, this 
  15:./../../firmware/debugger/lib/usbcdc/src/cdc_acm_core.c ****        list of conditions and the following disclaimer.
  16:./../../firmware/debugger/lib/usbcdc/src/cdc_acm_core.c ****     2. Redistributions in binary form must reproduce the above copyright notice, 
  17:./../../firmware/debugger/lib/usbcdc/src/cdc_acm_core.c ****        this list of conditions and the following disclaimer in the documentation 
  18:./../../firmware/debugger/lib/usbcdc/src/cdc_acm_core.c ****        and/or other materials provided with the distribution.
  19:./../../firmware/debugger/lib/usbcdc/src/cdc_acm_core.c ****     3. Neither the name of the copyright holder nor the names of its contributors 
  20:./../../firmware/debugger/lib/usbcdc/src/cdc_acm_core.c ****        may be used to endorse or promote products derived from this software without 
  21:./../../firmware/debugger/lib/usbcdc/src/cdc_acm_core.c ****        specific prior written permission.
  22:./../../firmware/debugger/lib/usbcdc/src/cdc_acm_core.c **** 
  23:./../../firmware/debugger/lib/usbcdc/src/cdc_acm_core.c ****     THIS SOFTWARE IS PROVIDED BY THE COPYRIGHT HOLDERS AND CONTRIBUTORS "AS IS" 
  24:./../../firmware/debugger/lib/usbcdc/src/cdc_acm_core.c **** AND ANY EXPRESS OR IMPLIED WARRANTIES, INCLUDING, BUT NOT LIMITED TO, THE IMPLIED 
  25:./../../firmware/debugger/lib/usbcdc/src/cdc_acm_core.c **** WARRANTIES OF MERCHANTABILITY AND FITNESS FOR A PARTICULAR PURPOSE ARE DISCLAIMED. 
  26:./../../firmware/debugger/lib/usbcdc/src/cdc_acm_core.c **** IN NO EVENT SHALL THE COPYRIGHT HOLDER OR CONTRIBUTORS BE LIABLE FOR ANY DIRECT, 
  27:./../../firmware/debugger/lib/usbcdc/src/cdc_acm_core.c **** INDIRECT, INCIDENTAL, SPECIAL, EXEMPLARY, OR CONSEQUENTIAL DAMAGES (INCLUDING, BUT 
  28:./../../firmware/debugger/lib/usbcdc/src/cdc_acm_core.c **** NOT LIMITED TO, PROCUREMENT OF SUBSTITUTE GOODS OR SERVICES; LOSS OF USE, DATA, OR 
  29:./../../firmware/debugger/lib/usbcdc/src/cdc_acm_core.c **** PROFITS; OR BUSINESS INTERRUPTION) HOWEVER CAUSED AND ON ANY THEORY OF LIABILITY, 
  30:./../../firmware/debugger/lib/usbcdc/src/cdc_acm_core.c **** WHETHER IN CONTRACT, STRICT LIABILITY, OR TORT (INCLUDING NEGLIGENCE OR OTHERWISE) 
  31:./../../firmware/debugger/lib/usbcdc/src/cdc_acm_core.c **** ARISING IN ANY WAY OUT OF THE USE OF THIS SOFTWARE, EVEN IF ADVISED OF THE POSSIBILITY 
  32:./../../firmware/debugger/lib/usbcdc/src/cdc_acm_core.c **** OF SUCH DAMAGE.
GAS LISTING C:\Users\SEBAST~1\AppData\Local\Temp\ccYar430.s 			page 2


  33:./../../firmware/debugger/lib/usbcdc/src/cdc_acm_core.c **** */
  34:./../../firmware/debugger/lib/usbcdc/src/cdc_acm_core.c **** 
  35:./../../firmware/debugger/lib/usbcdc/src/cdc_acm_core.c **** #include "cdc_acm_core.h"
  36:./../../firmware/debugger/lib/usbcdc/src/cdc_acm_core.c **** #include "debugger.h"
  37:./../../firmware/debugger/lib/usbcdc/src/cdc_acm_core.c **** #include "riscv_encoding.h"
  38:./../../firmware/debugger/lib/usbcdc/src/cdc_acm_core.c **** 
  39:./../../firmware/debugger/lib/usbcdc/src/cdc_acm_core.c **** #define USBD_VID                          0x28e9
  40:./../../firmware/debugger/lib/usbcdc/src/cdc_acm_core.c **** #define USBD_PID                          0x018a
  41:./../../firmware/debugger/lib/usbcdc/src/cdc_acm_core.c **** 
  42:./../../firmware/debugger/lib/usbcdc/src/cdc_acm_core.c **** static uint32_t cdc_cmd = 0xFFU;
  43:./../../firmware/debugger/lib/usbcdc/src/cdc_acm_core.c **** 
  44:./../../firmware/debugger/lib/usbcdc/src/cdc_acm_core.c **** static uint32_t usb_serial_connected = 0;
  45:./../../firmware/debugger/lib/usbcdc/src/cdc_acm_core.c **** 
  46:./../../firmware/debugger/lib/usbcdc/src/cdc_acm_core.c **** 
  47:./../../firmware/debugger/lib/usbcdc/src/cdc_acm_core.c **** uint8_t usb_data_buffer[CDC_ACM_DATA_PACKET_SIZE];
  48:./../../firmware/debugger/lib/usbcdc/src/cdc_acm_core.c **** uint8_t usb_cmd_buffer[CDC_ACM_CMD_PACKET_SIZE];
  49:./../../firmware/debugger/lib/usbcdc/src/cdc_acm_core.c **** 
  50:./../../firmware/debugger/lib/usbcdc/src/cdc_acm_core.c **** __IO uint8_t packet_sent = 1U;
  51:./../../firmware/debugger/lib/usbcdc/src/cdc_acm_core.c **** __IO uint8_t packet_receive = 1U;
  52:./../../firmware/debugger/lib/usbcdc/src/cdc_acm_core.c **** __IO uint32_t  receive_length = 0U;
  53:./../../firmware/debugger/lib/usbcdc/src/cdc_acm_core.c **** 
  54:./../../firmware/debugger/lib/usbcdc/src/cdc_acm_core.c **** //usbd_int_cb_struct *usbd_int_fops = NULL;
  55:./../../firmware/debugger/lib/usbcdc/src/cdc_acm_core.c **** 
  56:./../../firmware/debugger/lib/usbcdc/src/cdc_acm_core.c **** 
  57:./../../firmware/debugger/lib/usbcdc/src/cdc_acm_core.c **** usb_rx_custom_cb rx_custom_cb = (usb_rx_custom_cb)NULL;
  58:./../../firmware/debugger/lib/usbcdc/src/cdc_acm_core.c **** 
  59:./../../firmware/debugger/lib/usbcdc/src/cdc_acm_core.c **** typedef struct
  60:./../../firmware/debugger/lib/usbcdc/src/cdc_acm_core.c **** {
  61:./../../firmware/debugger/lib/usbcdc/src/cdc_acm_core.c ****     uint32_t dwDTERate;   /* data terminal rate */
  62:./../../firmware/debugger/lib/usbcdc/src/cdc_acm_core.c ****     uint8_t  bCharFormat; /* stop bits */
  63:./../../firmware/debugger/lib/usbcdc/src/cdc_acm_core.c ****     uint8_t  bParityType; /* parity */
  64:./../../firmware/debugger/lib/usbcdc/src/cdc_acm_core.c ****     uint8_t  bDataBits;   /* data bits */
  65:./../../firmware/debugger/lib/usbcdc/src/cdc_acm_core.c **** }line_coding_struct;
  66:./../../firmware/debugger/lib/usbcdc/src/cdc_acm_core.c **** 
  67:./../../firmware/debugger/lib/usbcdc/src/cdc_acm_core.c **** line_coding_struct linecoding =
  68:./../../firmware/debugger/lib/usbcdc/src/cdc_acm_core.c **** {
  69:./../../firmware/debugger/lib/usbcdc/src/cdc_acm_core.c ****     115200, /* baud rate     */
  70:./../../firmware/debugger/lib/usbcdc/src/cdc_acm_core.c ****     0x00,   /* stop bits - 1 */
  71:./../../firmware/debugger/lib/usbcdc/src/cdc_acm_core.c ****     0x00,   /* parity - none */
  72:./../../firmware/debugger/lib/usbcdc/src/cdc_acm_core.c ****     0x08    /* num of bits 8 */
  73:./../../firmware/debugger/lib/usbcdc/src/cdc_acm_core.c **** };
  74:./../../firmware/debugger/lib/usbcdc/src/cdc_acm_core.c **** 
  75:./../../firmware/debugger/lib/usbcdc/src/cdc_acm_core.c **** /* note:it should use the C99 standard when compiling the below codes */
  76:./../../firmware/debugger/lib/usbcdc/src/cdc_acm_core.c **** /* USB standard device descriptor */
  77:./../../firmware/debugger/lib/usbcdc/src/cdc_acm_core.c **** const usb_desc_dev device_descriptor =
  78:./../../firmware/debugger/lib/usbcdc/src/cdc_acm_core.c **** {
  79:./../../firmware/debugger/lib/usbcdc/src/cdc_acm_core.c ****     .header = 
  80:./../../firmware/debugger/lib/usbcdc/src/cdc_acm_core.c ****      {
  81:./../../firmware/debugger/lib/usbcdc/src/cdc_acm_core.c ****          .bLength = USB_DEV_DESC_LEN, 
  82:./../../firmware/debugger/lib/usbcdc/src/cdc_acm_core.c ****          .bDescriptorType = USB_DESCTYPE_DEV
  83:./../../firmware/debugger/lib/usbcdc/src/cdc_acm_core.c ****      },
  84:./../../firmware/debugger/lib/usbcdc/src/cdc_acm_core.c ****     .bcdUSB = 0x0200,
  85:./../../firmware/debugger/lib/usbcdc/src/cdc_acm_core.c ****     .bDeviceClass = 0x02,  // Communications and CDC Control
  86:./../../firmware/debugger/lib/usbcdc/src/cdc_acm_core.c ****     .bDeviceSubClass = 0x00,
  87:./../../firmware/debugger/lib/usbcdc/src/cdc_acm_core.c ****     .bDeviceProtocol = 0x00,
  88:./../../firmware/debugger/lib/usbcdc/src/cdc_acm_core.c ****     .bMaxPacketSize0 = USB_FS_EP0_MAX_LEN,
  89:./../../firmware/debugger/lib/usbcdc/src/cdc_acm_core.c ****     .idVendor = USBD_VID,
GAS LISTING C:\Users\SEBAST~1\AppData\Local\Temp\ccYar430.s 			page 3


  90:./../../firmware/debugger/lib/usbcdc/src/cdc_acm_core.c ****     .idProduct = USBD_PID,
  91:./../../firmware/debugger/lib/usbcdc/src/cdc_acm_core.c ****     .bcdDevice = 0x0100,
  92:./../../firmware/debugger/lib/usbcdc/src/cdc_acm_core.c ****     .iManufacturer = STR_IDX_MFC,
  93:./../../firmware/debugger/lib/usbcdc/src/cdc_acm_core.c ****     .iProduct = STR_IDX_PRODUCT,
  94:./../../firmware/debugger/lib/usbcdc/src/cdc_acm_core.c ****     .iSerialNumber = STR_IDX_SERIAL,
  95:./../../firmware/debugger/lib/usbcdc/src/cdc_acm_core.c ****     .bNumberConfigurations = USBD_CFG_MAX_NUM
  96:./../../firmware/debugger/lib/usbcdc/src/cdc_acm_core.c **** };
  97:./../../firmware/debugger/lib/usbcdc/src/cdc_acm_core.c **** 
  98:./../../firmware/debugger/lib/usbcdc/src/cdc_acm_core.c **** /* USB device configuration descriptor */
  99:./../../firmware/debugger/lib/usbcdc/src/cdc_acm_core.c **** usb_descriptor_configuration_set_struct configuration_descriptor = 
 100:./../../firmware/debugger/lib/usbcdc/src/cdc_acm_core.c **** {
 101:./../../firmware/debugger/lib/usbcdc/src/cdc_acm_core.c ****     .config = 
 102:./../../firmware/debugger/lib/usbcdc/src/cdc_acm_core.c ****     {
 103:./../../firmware/debugger/lib/usbcdc/src/cdc_acm_core.c ****         .header = 
 104:./../../firmware/debugger/lib/usbcdc/src/cdc_acm_core.c ****          {
 105:./../../firmware/debugger/lib/usbcdc/src/cdc_acm_core.c ****             .bLength = USB_CFG_DESC_LEN,
 106:./../../firmware/debugger/lib/usbcdc/src/cdc_acm_core.c ****             .bDescriptorType = USB_DESCTYPE_CONFIG
 107:./../../firmware/debugger/lib/usbcdc/src/cdc_acm_core.c ****          },
 108:./../../firmware/debugger/lib/usbcdc/src/cdc_acm_core.c ****         .wTotalLength = USB_CDC_ACM_CONFIG_DESC_SIZE,
 109:./../../firmware/debugger/lib/usbcdc/src/cdc_acm_core.c ****         .bNumInterfaces = 0x02,
 110:./../../firmware/debugger/lib/usbcdc/src/cdc_acm_core.c ****         .bConfigurationValue = 0x01,
 111:./../../firmware/debugger/lib/usbcdc/src/cdc_acm_core.c ****         .iConfiguration = 0x00,
 112:./../../firmware/debugger/lib/usbcdc/src/cdc_acm_core.c ****         .bmAttributes = 0x80,
 113:./../../firmware/debugger/lib/usbcdc/src/cdc_acm_core.c ****         .bMaxPower = 0x32
 114:./../../firmware/debugger/lib/usbcdc/src/cdc_acm_core.c ****     },
 115:./../../firmware/debugger/lib/usbcdc/src/cdc_acm_core.c **** 
 116:./../../firmware/debugger/lib/usbcdc/src/cdc_acm_core.c ****     .cdc_loopback_interface = 
 117:./../../firmware/debugger/lib/usbcdc/src/cdc_acm_core.c ****     {
 118:./../../firmware/debugger/lib/usbcdc/src/cdc_acm_core.c ****         .header = 
 119:./../../firmware/debugger/lib/usbcdc/src/cdc_acm_core.c ****          {
 120:./../../firmware/debugger/lib/usbcdc/src/cdc_acm_core.c ****              .bLength = USB_ITF_DESC_LEN,
 121:./../../firmware/debugger/lib/usbcdc/src/cdc_acm_core.c ****              .bDescriptorType = USB_DESCTYPE_ITF 
 122:./../../firmware/debugger/lib/usbcdc/src/cdc_acm_core.c ****          },
 123:./../../firmware/debugger/lib/usbcdc/src/cdc_acm_core.c ****         .bInterfaceNumber = 0x00,
 124:./../../firmware/debugger/lib/usbcdc/src/cdc_acm_core.c ****         .bAlternateSetting = 0x00,
 125:./../../firmware/debugger/lib/usbcdc/src/cdc_acm_core.c ****         .bNumEndpoints = 0x01,
 126:./../../firmware/debugger/lib/usbcdc/src/cdc_acm_core.c ****         .bInterfaceClass = 0x02,     // Communications Interface Class
 127:./../../firmware/debugger/lib/usbcdc/src/cdc_acm_core.c ****         .bInterfaceSubClass = 0x02,  // Abstract Control Model
 128:./../../firmware/debugger/lib/usbcdc/src/cdc_acm_core.c ****         .bInterfaceProtocol = 0x00,  // No class specific protocol required
 129:./../../firmware/debugger/lib/usbcdc/src/cdc_acm_core.c ****         .iInterface = 0x00
 130:./../../firmware/debugger/lib/usbcdc/src/cdc_acm_core.c ****     },
 131:./../../firmware/debugger/lib/usbcdc/src/cdc_acm_core.c **** 
 132:./../../firmware/debugger/lib/usbcdc/src/cdc_acm_core.c ****     .cdc_loopback_header = 
 133:./../../firmware/debugger/lib/usbcdc/src/cdc_acm_core.c ****     {
 134:./../../firmware/debugger/lib/usbcdc/src/cdc_acm_core.c ****         .header =
 135:./../../firmware/debugger/lib/usbcdc/src/cdc_acm_core.c ****          {
 136:./../../firmware/debugger/lib/usbcdc/src/cdc_acm_core.c ****             .bLength = sizeof(usb_descriptor_header_function_struct), 
 137:./../../firmware/debugger/lib/usbcdc/src/cdc_acm_core.c ****             .bDescriptorType = USB_DESCTYPE_CS_INTERFACE
 138:./../../firmware/debugger/lib/usbcdc/src/cdc_acm_core.c ****          },
 139:./../../firmware/debugger/lib/usbcdc/src/cdc_acm_core.c ****         .bDescriptorSubtype = 0x00,
 140:./../../firmware/debugger/lib/usbcdc/src/cdc_acm_core.c ****         .bcdCDC = 0x0110
 141:./../../firmware/debugger/lib/usbcdc/src/cdc_acm_core.c ****     },
 142:./../../firmware/debugger/lib/usbcdc/src/cdc_acm_core.c **** 
 143:./../../firmware/debugger/lib/usbcdc/src/cdc_acm_core.c ****     .cdc_loopback_call_managment = 
 144:./../../firmware/debugger/lib/usbcdc/src/cdc_acm_core.c ****     {
 145:./../../firmware/debugger/lib/usbcdc/src/cdc_acm_core.c ****         .header = 
 146:./../../firmware/debugger/lib/usbcdc/src/cdc_acm_core.c ****          {
GAS LISTING C:\Users\SEBAST~1\AppData\Local\Temp\ccYar430.s 			page 4


 147:./../../firmware/debugger/lib/usbcdc/src/cdc_acm_core.c ****             .bLength = sizeof(usb_descriptor_call_managment_function_struct), 
 148:./../../firmware/debugger/lib/usbcdc/src/cdc_acm_core.c ****             .bDescriptorType = USB_DESCTYPE_CS_INTERFACE
 149:./../../firmware/debugger/lib/usbcdc/src/cdc_acm_core.c ****          },
 150:./../../firmware/debugger/lib/usbcdc/src/cdc_acm_core.c ****         .bDescriptorSubtype = 0x01,
 151:./../../firmware/debugger/lib/usbcdc/src/cdc_acm_core.c ****         .bmCapabilities = 0x00,
 152:./../../firmware/debugger/lib/usbcdc/src/cdc_acm_core.c ****         .bDataInterface = 0x01
 153:./../../firmware/debugger/lib/usbcdc/src/cdc_acm_core.c ****     },
 154:./../../firmware/debugger/lib/usbcdc/src/cdc_acm_core.c **** 
 155:./../../firmware/debugger/lib/usbcdc/src/cdc_acm_core.c ****     .cdc_loopback_acm = 
 156:./../../firmware/debugger/lib/usbcdc/src/cdc_acm_core.c ****     {
 157:./../../firmware/debugger/lib/usbcdc/src/cdc_acm_core.c ****         .header = 
 158:./../../firmware/debugger/lib/usbcdc/src/cdc_acm_core.c ****          {
 159:./../../firmware/debugger/lib/usbcdc/src/cdc_acm_core.c ****             .bLength = sizeof(usb_descriptor_acm_function_struct), 
 160:./../../firmware/debugger/lib/usbcdc/src/cdc_acm_core.c ****             .bDescriptorType = USB_DESCTYPE_CS_INTERFACE
 161:./../../firmware/debugger/lib/usbcdc/src/cdc_acm_core.c ****          },
 162:./../../firmware/debugger/lib/usbcdc/src/cdc_acm_core.c ****         .bDescriptorSubtype = 0x02,
 163:./../../firmware/debugger/lib/usbcdc/src/cdc_acm_core.c ****         .bmCapabilities = 0x02,
 164:./../../firmware/debugger/lib/usbcdc/src/cdc_acm_core.c ****     },
 165:./../../firmware/debugger/lib/usbcdc/src/cdc_acm_core.c **** 
 166:./../../firmware/debugger/lib/usbcdc/src/cdc_acm_core.c ****     .cdc_loopback_union = 
 167:./../../firmware/debugger/lib/usbcdc/src/cdc_acm_core.c ****     {
 168:./../../firmware/debugger/lib/usbcdc/src/cdc_acm_core.c ****         .header = 
 169:./../../firmware/debugger/lib/usbcdc/src/cdc_acm_core.c ****          {
 170:./../../firmware/debugger/lib/usbcdc/src/cdc_acm_core.c ****             .bLength = sizeof(usb_descriptor_union_function_struct), 
 171:./../../firmware/debugger/lib/usbcdc/src/cdc_acm_core.c ****             .bDescriptorType = USB_DESCTYPE_CS_INTERFACE
 172:./../../firmware/debugger/lib/usbcdc/src/cdc_acm_core.c ****          },
 173:./../../firmware/debugger/lib/usbcdc/src/cdc_acm_core.c ****         .bDescriptorSubtype = 0x06,
 174:./../../firmware/debugger/lib/usbcdc/src/cdc_acm_core.c ****         .bMasterInterface = 0x00,
 175:./../../firmware/debugger/lib/usbcdc/src/cdc_acm_core.c ****         .bSlaveInterface0 = 0x01,
 176:./../../firmware/debugger/lib/usbcdc/src/cdc_acm_core.c ****     },
 177:./../../firmware/debugger/lib/usbcdc/src/cdc_acm_core.c **** 
 178:./../../firmware/debugger/lib/usbcdc/src/cdc_acm_core.c ****     .cdc_loopback_cmd_endpoint = 
 179:./../../firmware/debugger/lib/usbcdc/src/cdc_acm_core.c ****     {
 180:./../../firmware/debugger/lib/usbcdc/src/cdc_acm_core.c ****         .header = 
 181:./../../firmware/debugger/lib/usbcdc/src/cdc_acm_core.c ****          {
 182:./../../firmware/debugger/lib/usbcdc/src/cdc_acm_core.c ****             .bLength = USB_EP_DESC_LEN, 
 183:./../../firmware/debugger/lib/usbcdc/src/cdc_acm_core.c ****             .bDescriptorType = USB_DESCTYPE_EP
 184:./../../firmware/debugger/lib/usbcdc/src/cdc_acm_core.c ****          },
 185:./../../firmware/debugger/lib/usbcdc/src/cdc_acm_core.c ****         .bEndpointAddress = CDC_ACM_CMD_EP,
 186:./../../firmware/debugger/lib/usbcdc/src/cdc_acm_core.c ****         .bmAttributes = 0x03,
 187:./../../firmware/debugger/lib/usbcdc/src/cdc_acm_core.c ****         .wMaxPacketSize = CDC_ACM_CMD_PACKET_SIZE,
 188:./../../firmware/debugger/lib/usbcdc/src/cdc_acm_core.c ****         .bInterval = 0x0A
 189:./../../firmware/debugger/lib/usbcdc/src/cdc_acm_core.c ****     },
 190:./../../firmware/debugger/lib/usbcdc/src/cdc_acm_core.c **** 
 191:./../../firmware/debugger/lib/usbcdc/src/cdc_acm_core.c ****     .cdc_loopback_data_interface = 
 192:./../../firmware/debugger/lib/usbcdc/src/cdc_acm_core.c ****     {
 193:./../../firmware/debugger/lib/usbcdc/src/cdc_acm_core.c ****         .header = 
 194:./../../firmware/debugger/lib/usbcdc/src/cdc_acm_core.c ****          {
 195:./../../firmware/debugger/lib/usbcdc/src/cdc_acm_core.c ****             .bLength = USB_ITF_DESC_LEN,
 196:./../../firmware/debugger/lib/usbcdc/src/cdc_acm_core.c ****             .bDescriptorType = USB_DESCTYPE_ITF
 197:./../../firmware/debugger/lib/usbcdc/src/cdc_acm_core.c ****          },
 198:./../../firmware/debugger/lib/usbcdc/src/cdc_acm_core.c ****         .bInterfaceNumber = 0x01,
 199:./../../firmware/debugger/lib/usbcdc/src/cdc_acm_core.c ****         .bAlternateSetting = 0x00,
 200:./../../firmware/debugger/lib/usbcdc/src/cdc_acm_core.c ****         .bNumEndpoints = 0x02,
 201:./../../firmware/debugger/lib/usbcdc/src/cdc_acm_core.c ****         .bInterfaceClass = 0x0A,     // Data Interface Class
 202:./../../firmware/debugger/lib/usbcdc/src/cdc_acm_core.c ****         .bInterfaceSubClass = 0x00,  // unused
 203:./../../firmware/debugger/lib/usbcdc/src/cdc_acm_core.c ****         .bInterfaceProtocol = 0x00,  // No class specific protocol required
GAS LISTING C:\Users\SEBAST~1\AppData\Local\Temp\ccYar430.s 			page 5


 204:./../../firmware/debugger/lib/usbcdc/src/cdc_acm_core.c ****         .iInterface = 0x00
 205:./../../firmware/debugger/lib/usbcdc/src/cdc_acm_core.c ****     },
 206:./../../firmware/debugger/lib/usbcdc/src/cdc_acm_core.c **** 
 207:./../../firmware/debugger/lib/usbcdc/src/cdc_acm_core.c ****     .cdc_loopback_out_endpoint = 
 208:./../../firmware/debugger/lib/usbcdc/src/cdc_acm_core.c ****     {
 209:./../../firmware/debugger/lib/usbcdc/src/cdc_acm_core.c ****         .header = 
 210:./../../firmware/debugger/lib/usbcdc/src/cdc_acm_core.c ****          {
 211:./../../firmware/debugger/lib/usbcdc/src/cdc_acm_core.c ****              .bLength = USB_EP_DESC_LEN, 
 212:./../../firmware/debugger/lib/usbcdc/src/cdc_acm_core.c ****              .bDescriptorType = USB_DESCTYPE_EP 
 213:./../../firmware/debugger/lib/usbcdc/src/cdc_acm_core.c ****          },
 214:./../../firmware/debugger/lib/usbcdc/src/cdc_acm_core.c ****         .bEndpointAddress = CDC_ACM_DATA_OUT_EP,
 215:./../../firmware/debugger/lib/usbcdc/src/cdc_acm_core.c ****         .bmAttributes = 0x02,
 216:./../../firmware/debugger/lib/usbcdc/src/cdc_acm_core.c ****         .wMaxPacketSize = CDC_ACM_DATA_PACKET_SIZE,
 217:./../../firmware/debugger/lib/usbcdc/src/cdc_acm_core.c ****         .bInterval = 0x00
 218:./../../firmware/debugger/lib/usbcdc/src/cdc_acm_core.c ****     },
 219:./../../firmware/debugger/lib/usbcdc/src/cdc_acm_core.c **** 
 220:./../../firmware/debugger/lib/usbcdc/src/cdc_acm_core.c ****     .cdc_loopback_in_endpoint = 
 221:./../../firmware/debugger/lib/usbcdc/src/cdc_acm_core.c ****     {
 222:./../../firmware/debugger/lib/usbcdc/src/cdc_acm_core.c ****         .header = 
 223:./../../firmware/debugger/lib/usbcdc/src/cdc_acm_core.c ****          {
 224:./../../firmware/debugger/lib/usbcdc/src/cdc_acm_core.c ****              .bLength = USB_EP_DESC_LEN, 
 225:./../../firmware/debugger/lib/usbcdc/src/cdc_acm_core.c ****              .bDescriptorType = USB_DESCTYPE_EP 
 226:./../../firmware/debugger/lib/usbcdc/src/cdc_acm_core.c ****          },
 227:./../../firmware/debugger/lib/usbcdc/src/cdc_acm_core.c ****         .bEndpointAddress = CDC_ACM_DATA_IN_EP,
 228:./../../firmware/debugger/lib/usbcdc/src/cdc_acm_core.c ****         .bmAttributes = 0x02,
 229:./../../firmware/debugger/lib/usbcdc/src/cdc_acm_core.c ****         .wMaxPacketSize = CDC_ACM_DATA_PACKET_SIZE,
 230:./../../firmware/debugger/lib/usbcdc/src/cdc_acm_core.c ****         .bInterval = 0x00
 231:./../../firmware/debugger/lib/usbcdc/src/cdc_acm_core.c ****     }
 232:./../../firmware/debugger/lib/usbcdc/src/cdc_acm_core.c **** };
 233:./../../firmware/debugger/lib/usbcdc/src/cdc_acm_core.c **** 
 234:./../../firmware/debugger/lib/usbcdc/src/cdc_acm_core.c **** /* USB language ID Descriptor */
 235:./../../firmware/debugger/lib/usbcdc/src/cdc_acm_core.c **** const usb_desc_LANGID usbd_language_id_desc = 
 236:./../../firmware/debugger/lib/usbcdc/src/cdc_acm_core.c **** {
 237:./../../firmware/debugger/lib/usbcdc/src/cdc_acm_core.c ****     .header = 
 238:./../../firmware/debugger/lib/usbcdc/src/cdc_acm_core.c ****      {
 239:./../../firmware/debugger/lib/usbcdc/src/cdc_acm_core.c ****          .bLength = sizeof(usb_desc_LANGID), 
 240:./../../firmware/debugger/lib/usbcdc/src/cdc_acm_core.c ****          .bDescriptorType = USB_DESCTYPE_STR
 241:./../../firmware/debugger/lib/usbcdc/src/cdc_acm_core.c ****      },
 242:./../../firmware/debugger/lib/usbcdc/src/cdc_acm_core.c ****     .wLANGID = ENG_LANGID
 243:./../../firmware/debugger/lib/usbcdc/src/cdc_acm_core.c **** };
 244:./../../firmware/debugger/lib/usbcdc/src/cdc_acm_core.c **** 
 245:./../../firmware/debugger/lib/usbcdc/src/cdc_acm_core.c **** void* const usbd_strings[] = 
 246:./../../firmware/debugger/lib/usbcdc/src/cdc_acm_core.c **** {
 247:./../../firmware/debugger/lib/usbcdc/src/cdc_acm_core.c ****     [STR_IDX_LANGID] = (uint8_t *)&usbd_language_id_desc,
 248:./../../firmware/debugger/lib/usbcdc/src/cdc_acm_core.c ****     [STR_IDX_MFC] = USBD_STRING_DESC("GigaDevice"),
 249:./../../firmware/debugger/lib/usbcdc/src/cdc_acm_core.c ****     [STR_IDX_PRODUCT] = USBD_STRING_DESC("GD32 USB CDC ACM in FS Mode"),
 250:./../../firmware/debugger/lib/usbcdc/src/cdc_acm_core.c ****     [STR_IDX_SERIAL] = USBD_STRING_DESC("GD32XXX-3.0.0-7z8x9yer")
 251:./../../firmware/debugger/lib/usbcdc/src/cdc_acm_core.c **** };
 252:./../../firmware/debugger/lib/usbcdc/src/cdc_acm_core.c **** 
 253:./../../firmware/debugger/lib/usbcdc/src/cdc_acm_core.c **** /*!
 254:./../../firmware/debugger/lib/usbcdc/src/cdc_acm_core.c ****     \brief      initialize the CDC ACM device
 255:./../../firmware/debugger/lib/usbcdc/src/cdc_acm_core.c ****     \param[in]  pudev: pointer to USB device instance
 256:./../../firmware/debugger/lib/usbcdc/src/cdc_acm_core.c ****     \param[in]  config_index: configuration index
 257:./../../firmware/debugger/lib/usbcdc/src/cdc_acm_core.c ****     \param[out] none
 258:./../../firmware/debugger/lib/usbcdc/src/cdc_acm_core.c ****     \retval     USB device operation status
 259:./../../firmware/debugger/lib/usbcdc/src/cdc_acm_core.c **** */
 260:./../../firmware/debugger/lib/usbcdc/src/cdc_acm_core.c **** uint8_t cdc_acm_init (usb_dev *pudev, uint8_t config_index)
GAS LISTING C:\Users\SEBAST~1\AppData\Local\Temp\ccYar430.s 			page 6


 261:./../../firmware/debugger/lib/usbcdc/src/cdc_acm_core.c **** {
  27              		.loc 1 261 1
  28              		.cfi_startproc
  29              	.LVL0:
 262:./../../firmware/debugger/lib/usbcdc/src/cdc_acm_core.c ****     /* initialize the data Tx/Rx endpoint */
 263:./../../firmware/debugger/lib/usbcdc/src/cdc_acm_core.c ****     usbd_ep_setup(pudev, &(configuration_descriptor.cdc_loopback_in_endpoint));
  30              		.loc 1 263 5
 261:./../../firmware/debugger/lib/usbcdc/src/cdc_acm_core.c ****     /* initialize the data Tx/Rx endpoint */
  31              		.loc 1 261 1 is_stmt 0
  32 0000 4111     		addi	sp,sp,-16
  33              	.LCFI0:
  34              		.cfi_def_cfa_offset 16
  35 0002 22C4     		sw	s0,8(sp)
  36              		.cfi_offset 8, -8
  37              		.loc 1 263 5
  38 0004 37040000 		lui	s0,%hi(.LANCHOR0)
  39 0008 13040400 		addi	s0,s0,%lo(.LANCHOR0)
  40 000c 9305C403 		addi	a1,s0,60
  41              	.LVL1:
 261:./../../firmware/debugger/lib/usbcdc/src/cdc_acm_core.c ****     /* initialize the data Tx/Rx endpoint */
  42              		.loc 1 261 1
  43 0010 06C6     		sw	ra,12(sp)
  44 0012 26C2     		sw	s1,4(sp)
  45              		.cfi_offset 1, -4
  46              		.cfi_offset 9, -12
 261:./../../firmware/debugger/lib/usbcdc/src/cdc_acm_core.c ****     /* initialize the data Tx/Rx endpoint */
  47              		.loc 1 261 1
  48 0014 AA84     		mv	s1,a0
  49              		.loc 1 263 5
  50 0016 97000000 		call	usbd_ep_setup
  50      E7800000 
  51              	.LVL2:
 264:./../../firmware/debugger/lib/usbcdc/src/cdc_acm_core.c ****     usbd_ep_setup(pudev, &(configuration_descriptor.cdc_loopback_out_endpoint));
  52              		.loc 1 264 5 is_stmt 1
  53 001e 93055403 		addi	a1,s0,53
  54 0022 2685     		mv	a0,s1
  55 0024 97000000 		call	usbd_ep_setup
  55      E7800000 
  56              	.LVL3:
 265:./../../firmware/debugger/lib/usbcdc/src/cdc_acm_core.c **** 
 266:./../../firmware/debugger/lib/usbcdc/src/cdc_acm_core.c ****     /* initialize the command Tx endpoint */
 267:./../../firmware/debugger/lib/usbcdc/src/cdc_acm_core.c ****     usbd_ep_setup(pudev, &(configuration_descriptor.cdc_loopback_cmd_endpoint));
  57              		.loc 1 267 5
  58 002c 93055402 		addi	a1,s0,37
  59 0030 2685     		mv	a0,s1
  60 0032 97000000 		call	usbd_ep_setup
  60      E7800000 
  61              	.LVL4:
 268:./../../firmware/debugger/lib/usbcdc/src/cdc_acm_core.c **** 
 269:./../../firmware/debugger/lib/usbcdc/src/cdc_acm_core.c ****     return USBD_OK;
  62              		.loc 1 269 5
 270:./../../firmware/debugger/lib/usbcdc/src/cdc_acm_core.c **** }
  63              		.loc 1 270 1 is_stmt 0
  64 003a B240     		lw	ra,12(sp)
  65              		.cfi_restore 1
  66 003c 2244     		lw	s0,8(sp)
  67              		.cfi_restore 8
GAS LISTING C:\Users\SEBAST~1\AppData\Local\Temp\ccYar430.s 			page 7


  68 003e 9244     		lw	s1,4(sp)
  69              		.cfi_restore 9
  70              	.LVL5:
  71 0040 0145     		li	a0,0
  72 0042 4101     		addi	sp,sp,16
  73              	.LCFI1:
  74              		.cfi_def_cfa_offset 0
  75 0044 8280     		jr	ra
  76              		.cfi_endproc
  77              	.LFE3:
  79              		.section	.text.cdc_acm_deinit,"ax",@progbits
  80              		.align	1
  81              		.globl	cdc_acm_deinit
  83              	cdc_acm_deinit:
  84              	.LFB4:
 271:./../../firmware/debugger/lib/usbcdc/src/cdc_acm_core.c **** 
 272:./../../firmware/debugger/lib/usbcdc/src/cdc_acm_core.c **** /*!
 273:./../../firmware/debugger/lib/usbcdc/src/cdc_acm_core.c ****     \brief      de-initialize the CDC ACM device
 274:./../../firmware/debugger/lib/usbcdc/src/cdc_acm_core.c ****     \param[in]  pudev: pointer to USB device instance
 275:./../../firmware/debugger/lib/usbcdc/src/cdc_acm_core.c ****     \param[in]  config_index: configuration index
 276:./../../firmware/debugger/lib/usbcdc/src/cdc_acm_core.c ****     \param[out] none
 277:./../../firmware/debugger/lib/usbcdc/src/cdc_acm_core.c ****     \retval     USB device operation status
 278:./../../firmware/debugger/lib/usbcdc/src/cdc_acm_core.c **** */
 279:./../../firmware/debugger/lib/usbcdc/src/cdc_acm_core.c **** uint8_t cdc_acm_deinit (usb_dev *pudev, uint8_t config_index)
 280:./../../firmware/debugger/lib/usbcdc/src/cdc_acm_core.c **** {
  85              		.loc 1 280 1 is_stmt 1
  86              		.cfi_startproc
  87              	.LVL6:
 281:./../../firmware/debugger/lib/usbcdc/src/cdc_acm_core.c ****     /* deinitialize the data Tx/Rx endpoint */
 282:./../../firmware/debugger/lib/usbcdc/src/cdc_acm_core.c ****     usbd_ep_clear(pudev, CDC_ACM_DATA_IN_EP);
  88              		.loc 1 282 5
 280:./../../firmware/debugger/lib/usbcdc/src/cdc_acm_core.c ****     /* deinitialize the data Tx/Rx endpoint */
  89              		.loc 1 280 1 is_stmt 0
  90 0000 4111     		addi	sp,sp,-16
  91              	.LCFI2:
  92              		.cfi_def_cfa_offset 16
  93              		.loc 1 282 5
  94 0002 93051008 		li	a1,129
  95              	.LVL7:
 280:./../../firmware/debugger/lib/usbcdc/src/cdc_acm_core.c ****     /* deinitialize the data Tx/Rx endpoint */
  96              		.loc 1 280 1
  97 0006 06C6     		sw	ra,12(sp)
  98 0008 22C4     		sw	s0,8(sp)
  99              		.cfi_offset 1, -4
 100              		.cfi_offset 8, -8
 280:./../../firmware/debugger/lib/usbcdc/src/cdc_acm_core.c ****     /* deinitialize the data Tx/Rx endpoint */
 101              		.loc 1 280 1
 102 000a 2A84     		mv	s0,a0
 103              		.loc 1 282 5
 104 000c 97000000 		call	usbd_ep_clear
 104      E7800000 
 105              	.LVL8:
 283:./../../firmware/debugger/lib/usbcdc/src/cdc_acm_core.c ****     usbd_ep_clear(pudev, CDC_ACM_DATA_OUT_EP);
 106              		.loc 1 283 5 is_stmt 1
 107 0014 8D45     		li	a1,3
 108 0016 2285     		mv	a0,s0
 109 0018 97000000 		call	usbd_ep_clear
GAS LISTING C:\Users\SEBAST~1\AppData\Local\Temp\ccYar430.s 			page 8


 109      E7800000 
 110              	.LVL9:
 284:./../../firmware/debugger/lib/usbcdc/src/cdc_acm_core.c **** 
 285:./../../firmware/debugger/lib/usbcdc/src/cdc_acm_core.c ****     /* deinitialize the command Tx endpoint */
 286:./../../firmware/debugger/lib/usbcdc/src/cdc_acm_core.c ****     usbd_ep_clear(pudev, CDC_ACM_CMD_EP);
 111              		.loc 1 286 5
 112 0020 2285     		mv	a0,s0
 113 0022 93052008 		li	a1,130
 114 0026 97000000 		call	usbd_ep_clear
 114      E7800000 
 115              	.LVL10:
 287:./../../firmware/debugger/lib/usbcdc/src/cdc_acm_core.c **** 
 288:./../../firmware/debugger/lib/usbcdc/src/cdc_acm_core.c ****     return USBD_OK;
 116              		.loc 1 288 5
 289:./../../firmware/debugger/lib/usbcdc/src/cdc_acm_core.c **** }
 117              		.loc 1 289 1 is_stmt 0
 118 002e B240     		lw	ra,12(sp)
 119              		.cfi_restore 1
 120 0030 2244     		lw	s0,8(sp)
 121              		.cfi_restore 8
 122              	.LVL11:
 123 0032 0145     		li	a0,0
 124 0034 4101     		addi	sp,sp,16
 125              	.LCFI3:
 126              		.cfi_def_cfa_offset 0
 127 0036 8280     		jr	ra
 128              		.cfi_endproc
 129              	.LFE4:
 131              		.section	.text.cdc_acm_data_out_handler,"ax",@progbits
 132              		.align	1
 133              		.globl	cdc_acm_data_out_handler
 135              	cdc_acm_data_out_handler:
 136              	.LFB5:
 290:./../../firmware/debugger/lib/usbcdc/src/cdc_acm_core.c **** 
 291:./../../firmware/debugger/lib/usbcdc/src/cdc_acm_core.c **** /*!
 292:./../../firmware/debugger/lib/usbcdc/src/cdc_acm_core.c ****     \brief      handle CDC ACM data
 293:./../../firmware/debugger/lib/usbcdc/src/cdc_acm_core.c ****     \param[in]  pudev: pointer to USB device instance
 294:./../../firmware/debugger/lib/usbcdc/src/cdc_acm_core.c ****     \param[in]  rx_tx: data transfer direction:
 295:./../../firmware/debugger/lib/usbcdc/src/cdc_acm_core.c ****       \arg        USBD_TX
 296:./../../firmware/debugger/lib/usbcdc/src/cdc_acm_core.c ****       \arg        USBD_RX
 297:./../../firmware/debugger/lib/usbcdc/src/cdc_acm_core.c ****     \param[in]  ep_id: endpoint identifier
 298:./../../firmware/debugger/lib/usbcdc/src/cdc_acm_core.c ****     \param[out] none
 299:./../../firmware/debugger/lib/usbcdc/src/cdc_acm_core.c ****     \retval     USB device operation status
 300:./../../firmware/debugger/lib/usbcdc/src/cdc_acm_core.c **** */
 301:./../../firmware/debugger/lib/usbcdc/src/cdc_acm_core.c **** uint8_t cdc_acm_data_out_handler (usb_dev *pudev, uint8_t ep_id)
 302:./../../firmware/debugger/lib/usbcdc/src/cdc_acm_core.c **** {
 137              		.loc 1 302 1 is_stmt 1
 138              		.cfi_startproc
 139              	.LVL12:
 303:./../../firmware/debugger/lib/usbcdc/src/cdc_acm_core.c ****     if ((EP0_OUT & 0x7F) == ep_id) 
 140              		.loc 1 303 5
 302:./../../firmware/debugger/lib/usbcdc/src/cdc_acm_core.c ****     if ((EP0_OUT & 0x7F) == ep_id) 
 141              		.loc 1 302 1 is_stmt 0
 142 0000 4111     		addi	sp,sp,-16
 143              	.LCFI4:
 144              		.cfi_def_cfa_offset 16
 145 0002 06C6     		sw	ra,12(sp)
GAS LISTING C:\Users\SEBAST~1\AppData\Local\Temp\ccYar430.s 			page 9


 146              		.cfi_offset 1, -4
 147              		.loc 1 303 8
 148 0004 91E9     		bne	a1,zero,.L6
 304:./../../firmware/debugger/lib/usbcdc/src/cdc_acm_core.c ****     {
 305:./../../firmware/debugger/lib/usbcdc/src/cdc_acm_core.c ****         cdc_acm_EP0_RxReady (pudev);
 149              		.loc 1 305 9 is_stmt 1
 150 0006 97000000 		call	cdc_acm_EP0_RxReady
 150      E7800000 
 151              	.LVL13:
 306:./../../firmware/debugger/lib/usbcdc/src/cdc_acm_core.c ****         /*if(rx_custom_cb != NULL){
 307:./../../firmware/debugger/lib/usbcdc/src/cdc_acm_core.c ****             rx_custom_cb();
 308:./../../firmware/debugger/lib/usbcdc/src/cdc_acm_core.c ****         }*/
 309:./../../firmware/debugger/lib/usbcdc/src/cdc_acm_core.c ****     } 
 310:./../../firmware/debugger/lib/usbcdc/src/cdc_acm_core.c ****     else if ((CDC_ACM_DATA_OUT_EP & 0x7F) == ep_id) 
 311:./../../firmware/debugger/lib/usbcdc/src/cdc_acm_core.c ****     {
 312:./../../firmware/debugger/lib/usbcdc/src/cdc_acm_core.c ****         packet_receive = 1;
 313:./../../firmware/debugger/lib/usbcdc/src/cdc_acm_core.c ****         receive_length = usbd_rxcount_get(pudev, CDC_ACM_DATA_OUT_EP);
 314:./../../firmware/debugger/lib/usbcdc/src/cdc_acm_core.c ****         if(rx_custom_cb != NULL){
 315:./../../firmware/debugger/lib/usbcdc/src/cdc_acm_core.c ****             rx_custom_cb();
 316:./../../firmware/debugger/lib/usbcdc/src/cdc_acm_core.c ****         }
 317:./../../firmware/debugger/lib/usbcdc/src/cdc_acm_core.c **** 
 318:./../../firmware/debugger/lib/usbcdc/src/cdc_acm_core.c ****         return USBD_OK;
 319:./../../firmware/debugger/lib/usbcdc/src/cdc_acm_core.c ****     }
 320:./../../firmware/debugger/lib/usbcdc/src/cdc_acm_core.c ****     return USBD_FAIL;
 152              		.loc 1 320 12 is_stmt 0
 153 000e 8947     		li	a5,2
 154              	.L7:
 321:./../../firmware/debugger/lib/usbcdc/src/cdc_acm_core.c **** }
 155              		.loc 1 321 1
 156 0010 B240     		lw	ra,12(sp)
 157              		.cfi_remember_state
 158              		.cfi_restore 1
 159 0012 3E85     		mv	a0,a5
 160 0014 4101     		addi	sp,sp,16
 161              	.LCFI5:
 162              		.cfi_def_cfa_offset 0
 163 0016 8280     		jr	ra
 164              	.LVL14:
 165              	.L6:
 166              	.LCFI6:
 167              		.cfi_restore_state
 310:./../../firmware/debugger/lib/usbcdc/src/cdc_acm_core.c ****     {
 168              		.loc 1 310 10 is_stmt 1
 310:./../../firmware/debugger/lib/usbcdc/src/cdc_acm_core.c ****     {
 169              		.loc 1 310 13 is_stmt 0
 170 0018 8D46     		li	a3,3
 320:./../../firmware/debugger/lib/usbcdc/src/cdc_acm_core.c **** }
 171              		.loc 1 320 12
 172 001a 8947     		li	a5,2
 310:./../../firmware/debugger/lib/usbcdc/src/cdc_acm_core.c ****     {
 173              		.loc 1 310 13
 174 001c E39AD5FE 		bne	a1,a3,.L7
 175              	.LVL15:
 176              	.LBB6:
 177              	.LBB7:
 312:./../../firmware/debugger/lib/usbcdc/src/cdc_acm_core.c ****         receive_length = usbd_rxcount_get(pudev, CDC_ACM_DATA_OUT_EP);
 178              		.loc 1 312 9 is_stmt 1
GAS LISTING C:\Users\SEBAST~1\AppData\Local\Temp\ccYar430.s 			page 10


 312:./../../firmware/debugger/lib/usbcdc/src/cdc_acm_core.c ****         receive_length = usbd_rxcount_get(pudev, CDC_ACM_DATA_OUT_EP);
 179              		.loc 1 312 24 is_stmt 0
 180 0020 B7070000 		lui	a5,%hi(.LANCHOR1)
 181 0024 0547     		li	a4,1
 182 0026 2380E700 		sb	a4,%lo(.LANCHOR1)(a5)
 313:./../../firmware/debugger/lib/usbcdc/src/cdc_acm_core.c ****         if(rx_custom_cb != NULL){
 183              		.loc 1 313 9 is_stmt 1
 313:./../../firmware/debugger/lib/usbcdc/src/cdc_acm_core.c ****         if(rx_custom_cb != NULL){
 184              		.loc 1 313 26 is_stmt 0
 185 002a 97000000 		call	usbd_rxcount_get
 185      E7800000 
 186              	.LVL16:
 313:./../../firmware/debugger/lib/usbcdc/src/cdc_acm_core.c ****         if(rx_custom_cb != NULL){
 187              		.loc 1 313 24
 188 0032 B7070000 		lui	a5,%hi(.LANCHOR2)
 189 0036 23A0A700 		sw	a0,%lo(.LANCHOR2)(a5)
 314:./../../firmware/debugger/lib/usbcdc/src/cdc_acm_core.c ****             rx_custom_cb();
 190              		.loc 1 314 9 is_stmt 1
 314:./../../firmware/debugger/lib/usbcdc/src/cdc_acm_core.c ****             rx_custom_cb();
 191              		.loc 1 314 25 is_stmt 0
 192 003a B7070000 		lui	a5,%hi(.LANCHOR3)
 193 003e 03A70700 		lw	a4,%lo(.LANCHOR3)(a5)
 314:./../../firmware/debugger/lib/usbcdc/src/cdc_acm_core.c ****             rx_custom_cb();
 194              		.loc 1 314 11
 195 0042 8147     		li	a5,0
 196 0044 71D7     		beq	a4,zero,.L7
 315:./../../firmware/debugger/lib/usbcdc/src/cdc_acm_core.c ****         }
 197              		.loc 1 315 13 is_stmt 1
 198 0046 0297     		jalr	a4
 199              	.LVL17:
 200 0048 8147     		li	a5,0
 201 004a D9B7     		j	.L7
 202              	.LBE7:
 203              	.LBE6:
 204              		.cfi_endproc
 205              	.LFE5:
 207              		.section	.text.cdc_acm_data_in_handler,"ax",@progbits
 208              		.align	1
 209              		.globl	cdc_acm_data_in_handler
 211              	cdc_acm_data_in_handler:
 212              	.LFB6:
 322:./../../firmware/debugger/lib/usbcdc/src/cdc_acm_core.c **** 
 323:./../../firmware/debugger/lib/usbcdc/src/cdc_acm_core.c **** uint8_t cdc_acm_data_in_handler (usb_dev *pudev, uint8_t ep_id)
 324:./../../firmware/debugger/lib/usbcdc/src/cdc_acm_core.c **** {
 213              		.loc 1 324 1
 214              		.cfi_startproc
 215              	.LVL18:
 325:./../../firmware/debugger/lib/usbcdc/src/cdc_acm_core.c ****     if ((CDC_ACM_DATA_IN_EP & 0x7F) == ep_id) 
 216              		.loc 1 325 5
 217              		.loc 1 325 8 is_stmt 0
 218 0000 0547     		li	a4,1
 219 0002 639DE502 		bne	a1,a4,.L14
 220              	.LVL19:
 221              	.LBB11:
 222              	.LBB12:
 326:./../../firmware/debugger/lib/usbcdc/src/cdc_acm_core.c ****     {
 327:./../../firmware/debugger/lib/usbcdc/src/cdc_acm_core.c ****         usb_transc *transc = &pudev->dev.transc_in[EP_ID(ep_id)];
GAS LISTING C:\Users\SEBAST~1\AppData\Local\Temp\ccYar430.s 			page 11


 223              		.loc 1 327 9 is_stmt 1
 328:./../../firmware/debugger/lib/usbcdc/src/cdc_acm_core.c **** 
 329:./../../firmware/debugger/lib/usbcdc/src/cdc_acm_core.c ****         if ((transc->xfer_len % transc->max_len == 0) && (transc->xfer_len != 0)) {
 224              		.loc 1 329 9
 225              		.loc 1 329 20 is_stmt 0
 226 0006 0327050F 		lw	a4,240(a0)
 227              		.loc 1 329 39
 228 000a 8357850E 		lhu	a5,232(a0)
 229              		.loc 1 329 31
 230 000e B377F702 		remu	a5,a4,a5
 231              		.loc 1 329 12
 232 0012 91EF     		bne	a5,zero,.L13
 233              		.loc 1 329 55
 234 0014 09CF     		beq	a4,zero,.L13
 330:./../../firmware/debugger/lib/usbcdc/src/cdc_acm_core.c ****             usbd_ep_send (pudev, ep_id, NULL, 0U);
 235              		.loc 1 330 13 is_stmt 1
 236              	.LBE12:
 237              	.LBE11:
 324:./../../firmware/debugger/lib/usbcdc/src/cdc_acm_core.c ****     if ((CDC_ACM_DATA_IN_EP & 0x7F) == ep_id) 
 238              		.loc 1 324 1 is_stmt 0
 239 0016 4111     		addi	sp,sp,-16
 240              	.LCFI7:
 241              		.cfi_def_cfa_offset 16
 242              	.LBB17:
 243              	.LBB13:
 244              		.loc 1 330 13
 245 0018 8146     		li	a3,0
 246 001a 0146     		li	a2,0
 247              	.LBE13:
 248              	.LBE17:
 324:./../../firmware/debugger/lib/usbcdc/src/cdc_acm_core.c ****     if ((CDC_ACM_DATA_IN_EP & 0x7F) == ep_id) 
 249              		.loc 1 324 1
 250 001c 06C6     		sw	ra,12(sp)
 251              		.cfi_offset 1, -4
 252              	.LBB18:
 253              	.LBB14:
 254              		.loc 1 330 13
 255 001e 97000000 		call	usbd_ep_send
 255      E7800000 
 256              	.LVL20:
 257              	.LBE14:
 258              	.LBE18:
 331:./../../firmware/debugger/lib/usbcdc/src/cdc_acm_core.c ****         } else {
 332:./../../firmware/debugger/lib/usbcdc/src/cdc_acm_core.c ****             packet_sent = 1;
 333:./../../firmware/debugger/lib/usbcdc/src/cdc_acm_core.c ****         }
 334:./../../firmware/debugger/lib/usbcdc/src/cdc_acm_core.c ****         return USBD_OK;
 335:./../../firmware/debugger/lib/usbcdc/src/cdc_acm_core.c ****     } 
 336:./../../firmware/debugger/lib/usbcdc/src/cdc_acm_core.c ****     return USBD_FAIL;
 337:./../../firmware/debugger/lib/usbcdc/src/cdc_acm_core.c **** }
 259              		.loc 1 337 1
 260 0026 B240     		lw	ra,12(sp)
 261              		.cfi_restore 1
 262              	.LBB19:
 263              	.LBB15:
 330:./../../firmware/debugger/lib/usbcdc/src/cdc_acm_core.c ****         } else {
 264              		.loc 1 330 13
 265 0028 0145     		li	a0,0
GAS LISTING C:\Users\SEBAST~1\AppData\Local\Temp\ccYar430.s 			page 12


 266              	.LBE15:
 267              	.LBE19:
 268              		.loc 1 337 1
 269 002a 4101     		addi	sp,sp,16
 270              	.LCFI8:
 271              		.cfi_def_cfa_offset 0
 272 002c 8280     		jr	ra
 273              	.LVL21:
 274              	.L13:
 275              	.LBB20:
 276              	.LBB16:
 332:./../../firmware/debugger/lib/usbcdc/src/cdc_acm_core.c ****         }
 277              		.loc 1 332 13 is_stmt 1
 332:./../../firmware/debugger/lib/usbcdc/src/cdc_acm_core.c ****         }
 278              		.loc 1 332 25 is_stmt 0
 279 002e B7070000 		lui	a5,%hi(.LANCHOR4)
 280 0032 0547     		li	a4,1
 281 0034 2380E700 		sb	a4,%lo(.LANCHOR4)(a5)
 282 0038 0145     		li	a0,0
 283              	.LVL22:
 284 003a 8280     		ret
 285              	.LVL23:
 286              	.L14:
 287              	.LBE16:
 288              	.LBE20:
 336:./../../firmware/debugger/lib/usbcdc/src/cdc_acm_core.c **** }
 289              		.loc 1 336 12
 290 003c 0945     		li	a0,2
 291              	.LVL24:
 292              		.loc 1 337 1
 293 003e 8280     		ret
 294              		.cfi_endproc
 295              	.LFE6:
 297              		.section	.text.cdc_acm_req_handler,"ax",@progbits
 298              		.align	1
 299              		.globl	cdc_acm_req_handler
 301              	cdc_acm_req_handler:
 302              	.LFB7:
 338:./../../firmware/debugger/lib/usbcdc/src/cdc_acm_core.c **** 
 339:./../../firmware/debugger/lib/usbcdc/src/cdc_acm_core.c **** 
 340:./../../firmware/debugger/lib/usbcdc/src/cdc_acm_core.c **** /*!
 341:./../../firmware/debugger/lib/usbcdc/src/cdc_acm_core.c ****     \brief      handle the CDC ACM class-specific requests
 342:./../../firmware/debugger/lib/usbcdc/src/cdc_acm_core.c ****     \param[in]  pudev: pointer to USB device instance
 343:./../../firmware/debugger/lib/usbcdc/src/cdc_acm_core.c ****     \param[in]  req: device class-specific request
 344:./../../firmware/debugger/lib/usbcdc/src/cdc_acm_core.c ****     \param[out] none
 345:./../../firmware/debugger/lib/usbcdc/src/cdc_acm_core.c ****     \retval     USB device operation status
 346:./../../firmware/debugger/lib/usbcdc/src/cdc_acm_core.c **** */
 347:./../../firmware/debugger/lib/usbcdc/src/cdc_acm_core.c **** uint8_t cdc_acm_req_handler (usb_dev *pudev, usb_req *req)
 348:./../../firmware/debugger/lib/usbcdc/src/cdc_acm_core.c **** {
 303              		.loc 1 348 1 is_stmt 1
 304              		.cfi_startproc
 305              	.LVL25:
 349:./../../firmware/debugger/lib/usbcdc/src/cdc_acm_core.c ****     switch (req->bRequest) 
 306              		.loc 1 349 5
 307              		.loc 1 349 16 is_stmt 0
 308 0000 83C71500 		lbu	a5,1(a1)
 309              		.loc 1 349 5
GAS LISTING C:\Users\SEBAST~1\AppData\Local\Temp\ccYar430.s 			page 13


 310 0004 13071002 		li	a4,33
 311 0008 638EE704 		beq	a5,a4,.L23
 312 000c 6368F700 		bgtu	a5,a4,.L24
 313 0010 13070002 		li	a4,32
 314 0014 638DE702 		beq	a5,a4,.L25
 315              	.L30:
 350:./../../firmware/debugger/lib/usbcdc/src/cdc_acm_core.c ****     {
 351:./../../firmware/debugger/lib/usbcdc/src/cdc_acm_core.c ****         case SEND_ENCAPSULATED_COMMAND:
 352:./../../firmware/debugger/lib/usbcdc/src/cdc_acm_core.c ****             break;
 353:./../../firmware/debugger/lib/usbcdc/src/cdc_acm_core.c ****         case GET_ENCAPSULATED_RESPONSE:
 354:./../../firmware/debugger/lib/usbcdc/src/cdc_acm_core.c ****             break;
 355:./../../firmware/debugger/lib/usbcdc/src/cdc_acm_core.c ****         case SET_COMM_FEATURE:
 356:./../../firmware/debugger/lib/usbcdc/src/cdc_acm_core.c ****             break;
 357:./../../firmware/debugger/lib/usbcdc/src/cdc_acm_core.c ****         case GET_COMM_FEATURE:
 358:./../../firmware/debugger/lib/usbcdc/src/cdc_acm_core.c ****             break;
 359:./../../firmware/debugger/lib/usbcdc/src/cdc_acm_core.c ****         case CLEAR_COMM_FEATURE:
 360:./../../firmware/debugger/lib/usbcdc/src/cdc_acm_core.c ****             break;
 361:./../../firmware/debugger/lib/usbcdc/src/cdc_acm_core.c ****         case SET_LINE_CODING:
 362:./../../firmware/debugger/lib/usbcdc/src/cdc_acm_core.c ****             /* set the value of the current command to be processed */
 363:./../../firmware/debugger/lib/usbcdc/src/cdc_acm_core.c ****             cdc_cmd = req->bRequest;
 364:./../../firmware/debugger/lib/usbcdc/src/cdc_acm_core.c ****             /* enable EP0 prepare to receive command data packet */
 365:./../../firmware/debugger/lib/usbcdc/src/cdc_acm_core.c ****             pudev->dev.transc_out[0].xfer_buf = usb_cmd_buffer;
 366:./../../firmware/debugger/lib/usbcdc/src/cdc_acm_core.c ****            break;
 367:./../../firmware/debugger/lib/usbcdc/src/cdc_acm_core.c ****         case GET_LINE_CODING:
 368:./../../firmware/debugger/lib/usbcdc/src/cdc_acm_core.c ****             usb_cmd_buffer[0] = (uint8_t)(linecoding.dwDTERate);
 369:./../../firmware/debugger/lib/usbcdc/src/cdc_acm_core.c ****             usb_cmd_buffer[1] = (uint8_t)(linecoding.dwDTERate >> 8);
 370:./../../firmware/debugger/lib/usbcdc/src/cdc_acm_core.c ****             usb_cmd_buffer[2] = (uint8_t)(linecoding.dwDTERate >> 16);
 371:./../../firmware/debugger/lib/usbcdc/src/cdc_acm_core.c ****             usb_cmd_buffer[3] = (uint8_t)(linecoding.dwDTERate >> 24);
 372:./../../firmware/debugger/lib/usbcdc/src/cdc_acm_core.c ****             usb_cmd_buffer[4] = linecoding.bCharFormat;
 373:./../../firmware/debugger/lib/usbcdc/src/cdc_acm_core.c ****             usb_cmd_buffer[5] = linecoding.bParityType;
 374:./../../firmware/debugger/lib/usbcdc/src/cdc_acm_core.c ****             usb_cmd_buffer[6] = linecoding.bDataBits;
 375:./../../firmware/debugger/lib/usbcdc/src/cdc_acm_core.c ****             /* send the request data to the host */
 376:./../../firmware/debugger/lib/usbcdc/src/cdc_acm_core.c ****             pudev->dev.transc_in[0].xfer_buf = usb_cmd_buffer;
 377:./../../firmware/debugger/lib/usbcdc/src/cdc_acm_core.c ****             pudev->dev.transc_in[0].remain_len = req->wLength;
 378:./../../firmware/debugger/lib/usbcdc/src/cdc_acm_core.c ****             break;
 379:./../../firmware/debugger/lib/usbcdc/src/cdc_acm_core.c ****         case SET_CONTROL_LINE_STATE:
 380:./../../firmware/debugger/lib/usbcdc/src/cdc_acm_core.c ****             usb_serial_connected = req->wValue;
 381:./../../firmware/debugger/lib/usbcdc/src/cdc_acm_core.c ****             break;
 382:./../../firmware/debugger/lib/usbcdc/src/cdc_acm_core.c ****         case SEND_BREAK:
 383:./../../firmware/debugger/lib/usbcdc/src/cdc_acm_core.c ****             dbg_set_temporary_breakpoint(read_csr(mepc), 0);
 384:./../../firmware/debugger/lib/usbcdc/src/cdc_acm_core.c ****             dbg_break();
 385:./../../firmware/debugger/lib/usbcdc/src/cdc_acm_core.c ****             break;
 386:./../../firmware/debugger/lib/usbcdc/src/cdc_acm_core.c ****         default:
 387:./../../firmware/debugger/lib/usbcdc/src/cdc_acm_core.c ****             break;
 388:./../../firmware/debugger/lib/usbcdc/src/cdc_acm_core.c ****     }
 389:./../../firmware/debugger/lib/usbcdc/src/cdc_acm_core.c **** 
 390:./../../firmware/debugger/lib/usbcdc/src/cdc_acm_core.c ****     return USBD_OK;
 316              		.loc 1 390 5 is_stmt 1
 391:./../../firmware/debugger/lib/usbcdc/src/cdc_acm_core.c **** }
 317              		.loc 1 391 1 is_stmt 0
 318 0018 0145     		li	a0,0
 319              	.LVL26:
 320 001a 8280     		ret
 321              	.LVL27:
 322              	.L24:
 349:./../../firmware/debugger/lib/usbcdc/src/cdc_acm_core.c ****     switch (req->bRequest) 
 323              		.loc 1 349 5
GAS LISTING C:\Users\SEBAST~1\AppData\Local\Temp\ccYar430.s 			page 14


 324 001c 13072002 		li	a4,34
 325 0020 638FE708 		beq	a5,a4,.L27
 326 0024 13073002 		li	a4,35
 327 0028 E398E7FE 		bne	a5,a4,.L30
 383:./../../firmware/debugger/lib/usbcdc/src/cdc_acm_core.c ****             dbg_break();
 328              		.loc 1 383 13 is_stmt 1
 329              	.LBB25:
 383:./../../firmware/debugger/lib/usbcdc/src/cdc_acm_core.c ****             dbg_break();
 330              		.loc 1 383 42
 383:./../../firmware/debugger/lib/usbcdc/src/cdc_acm_core.c ****             dbg_break();
 331              		.loc 1 383 42
 332              	.LBE25:
 348:./../../firmware/debugger/lib/usbcdc/src/cdc_acm_core.c ****     switch (req->bRequest) 
 333              		.loc 1 348 1 is_stmt 0
 334 002c 4111     		addi	sp,sp,-16
 335              	.LCFI9:
 336              		.cfi_def_cfa_offset 16
 337 002e 06C6     		sw	ra,12(sp)
 338              		.cfi_offset 1, -4
 339              	.LBB26:
 383:./../../firmware/debugger/lib/usbcdc/src/cdc_acm_core.c ****             dbg_break();
 340              		.loc 1 383 42
 341              	 #APP
 342              	# 383 "./../../firmware/debugger/lib/usbcdc/src/cdc_acm_core.c" 1
 343              		csrr a0, mepc
 344              	# 0 "" 2
 345              	.LVL28:
 383:./../../firmware/debugger/lib/usbcdc/src/cdc_acm_core.c ****             dbg_break();
 346              		.loc 1 383 42 is_stmt 1
 347              	 #NO_APP
 348              	.LBE26:
 383:./../../firmware/debugger/lib/usbcdc/src/cdc_acm_core.c ****             dbg_break();
 349              		.loc 1 383 13 is_stmt 0
 350 0034 8145     		li	a1,0
 351              	.LVL29:
 352 0036 97000000 		call	dbg_set_temporary_breakpoint
 352      E7800000 
 353              	.LVL30:
 384:./../../firmware/debugger/lib/usbcdc/src/cdc_acm_core.c ****             break;
 354              		.loc 1 384 13 is_stmt 1
 355 003e 97000000 		call	dbg_break
 355      E7800000 
 356              	.LVL31:
 385:./../../firmware/debugger/lib/usbcdc/src/cdc_acm_core.c ****         default:
 357              		.loc 1 385 13
 390:./../../firmware/debugger/lib/usbcdc/src/cdc_acm_core.c **** }
 358              		.loc 1 390 5
 359              		.loc 1 391 1 is_stmt 0
 360 0046 B240     		lw	ra,12(sp)
 361              		.cfi_restore 1
 362 0048 0145     		li	a0,0
 363 004a 4101     		addi	sp,sp,16
 364              	.LCFI10:
 365              		.cfi_def_cfa_offset 0
 366 004c 8280     		jr	ra
 367              	.LVL32:
 368              	.L25:
GAS LISTING C:\Users\SEBAST~1\AppData\Local\Temp\ccYar430.s 			page 15


 363:./../../firmware/debugger/lib/usbcdc/src/cdc_acm_core.c ****             /* enable EP0 prepare to receive command data packet */
 369              		.loc 1 363 13 is_stmt 1
 363:./../../firmware/debugger/lib/usbcdc/src/cdc_acm_core.c ****             /* enable EP0 prepare to receive command data packet */
 370              		.loc 1 363 21 is_stmt 0
 371 004e 37070000 		lui	a4,%hi(.LANCHOR5)
 372 0052 2320F700 		sw	a5,%lo(.LANCHOR5)(a4)
 365:./../../firmware/debugger/lib/usbcdc/src/cdc_acm_core.c ****            break;
 373              		.loc 1 365 13 is_stmt 1
 365:./../../firmware/debugger/lib/usbcdc/src/cdc_acm_core.c ****            break;
 374              		.loc 1 365 47 is_stmt 0
 375 0056 B7070000 		lui	a5,%hi(usb_cmd_buffer)
 376 005a 93870700 		addi	a5,a5,%lo(usb_cmd_buffer)
 377 005e 232AF526 		sw	a5,628(a0)
 366:./../../firmware/debugger/lib/usbcdc/src/cdc_acm_core.c ****         case GET_LINE_CODING:
 378              		.loc 1 366 12 is_stmt 1
 379 0062 5DBF     		j	.L30
 380              	.L23:
 381              	.LVL33:
 382              	.LBB27:
 383              	.LBB28:
 368:./../../firmware/debugger/lib/usbcdc/src/cdc_acm_core.c ****             usb_cmd_buffer[1] = (uint8_t)(linecoding.dwDTERate >> 8);
 384              		.loc 1 368 13
 368:./../../firmware/debugger/lib/usbcdc/src/cdc_acm_core.c ****             usb_cmd_buffer[1] = (uint8_t)(linecoding.dwDTERate >> 8);
 385              		.loc 1 368 53 is_stmt 0
 386 0064 37070000 		lui	a4,%hi(.LANCHOR6)
 387 0068 13070700 		addi	a4,a4,%lo(.LANCHOR6)
 388 006c 1443     		lw	a3,0(a4)
 368:./../../firmware/debugger/lib/usbcdc/src/cdc_acm_core.c ****             usb_cmd_buffer[1] = (uint8_t)(linecoding.dwDTERate >> 8);
 389              		.loc 1 368 31
 390 006e B7070000 		lui	a5,%hi(usb_cmd_buffer)
 391 0072 93870700 		addi	a5,a5,%lo(usb_cmd_buffer)
 369:./../../firmware/debugger/lib/usbcdc/src/cdc_acm_core.c ****             usb_cmd_buffer[2] = (uint8_t)(linecoding.dwDTERate >> 16);
 392              		.loc 1 369 64
 393 0076 13D68600 		srli	a2,a3,8
 368:./../../firmware/debugger/lib/usbcdc/src/cdc_acm_core.c ****             usb_cmd_buffer[1] = (uint8_t)(linecoding.dwDTERate >> 8);
 394              		.loc 1 368 33
 395 007a 2380D700 		sb	a3,0(a5)
 369:./../../firmware/debugger/lib/usbcdc/src/cdc_acm_core.c ****             usb_cmd_buffer[2] = (uint8_t)(linecoding.dwDTERate >> 16);
 396              		.loc 1 369 13 is_stmt 1
 369:./../../firmware/debugger/lib/usbcdc/src/cdc_acm_core.c ****             usb_cmd_buffer[2] = (uint8_t)(linecoding.dwDTERate >> 16);
 397              		.loc 1 369 33 is_stmt 0
 398 007e A380C700 		sb	a2,1(a5)
 370:./../../firmware/debugger/lib/usbcdc/src/cdc_acm_core.c ****             usb_cmd_buffer[3] = (uint8_t)(linecoding.dwDTERate >> 24);
 399              		.loc 1 370 13 is_stmt 1
 370:./../../firmware/debugger/lib/usbcdc/src/cdc_acm_core.c ****             usb_cmd_buffer[3] = (uint8_t)(linecoding.dwDTERate >> 24);
 400              		.loc 1 370 64 is_stmt 0
 401 0082 13D60601 		srli	a2,a3,16
 371:./../../firmware/debugger/lib/usbcdc/src/cdc_acm_core.c ****             usb_cmd_buffer[4] = linecoding.bCharFormat;
 402              		.loc 1 371 64
 403 0086 E182     		srli	a3,a3,24
 371:./../../firmware/debugger/lib/usbcdc/src/cdc_acm_core.c ****             usb_cmd_buffer[4] = linecoding.bCharFormat;
 404              		.loc 1 371 33
 405 0088 A381D700 		sb	a3,3(a5)
 372:./../../firmware/debugger/lib/usbcdc/src/cdc_acm_core.c ****             usb_cmd_buffer[5] = linecoding.bParityType;
 406              		.loc 1 372 31
 407 008c 83464700 		lbu	a3,4(a4)
 370:./../../firmware/debugger/lib/usbcdc/src/cdc_acm_core.c ****             usb_cmd_buffer[3] = (uint8_t)(linecoding.dwDTERate >> 24);
GAS LISTING C:\Users\SEBAST~1\AppData\Local\Temp\ccYar430.s 			page 16


 408              		.loc 1 370 33
 409 0090 2381C700 		sb	a2,2(a5)
 371:./../../firmware/debugger/lib/usbcdc/src/cdc_acm_core.c ****             usb_cmd_buffer[4] = linecoding.bCharFormat;
 410              		.loc 1 371 13 is_stmt 1
 372:./../../firmware/debugger/lib/usbcdc/src/cdc_acm_core.c ****             usb_cmd_buffer[5] = linecoding.bParityType;
 411              		.loc 1 372 13
 376:./../../firmware/debugger/lib/usbcdc/src/cdc_acm_core.c ****             pudev->dev.transc_in[0].remain_len = req->wLength;
 412              		.loc 1 376 46 is_stmt 0
 413 0094 2328F50C 		sw	a5,208(a0)
 372:./../../firmware/debugger/lib/usbcdc/src/cdc_acm_core.c ****             usb_cmd_buffer[5] = linecoding.bParityType;
 414              		.loc 1 372 31
 415 0098 2382D700 		sb	a3,4(a5)
 373:./../../firmware/debugger/lib/usbcdc/src/cdc_acm_core.c ****             usb_cmd_buffer[6] = linecoding.bDataBits;
 416              		.loc 1 373 13 is_stmt 1
 373:./../../firmware/debugger/lib/usbcdc/src/cdc_acm_core.c ****             usb_cmd_buffer[6] = linecoding.bDataBits;
 417              		.loc 1 373 31 is_stmt 0
 418 009c 83465700 		lbu	a3,5(a4)
 374:./../../firmware/debugger/lib/usbcdc/src/cdc_acm_core.c ****             /* send the request data to the host */
 419              		.loc 1 374 31
 420 00a0 03476700 		lbu	a4,6(a4)
 373:./../../firmware/debugger/lib/usbcdc/src/cdc_acm_core.c ****             usb_cmd_buffer[6] = linecoding.bDataBits;
 421              		.loc 1 373 31
 422 00a4 A382D700 		sb	a3,5(a5)
 374:./../../firmware/debugger/lib/usbcdc/src/cdc_acm_core.c ****             /* send the request data to the host */
 423              		.loc 1 374 13 is_stmt 1
 374:./../../firmware/debugger/lib/usbcdc/src/cdc_acm_core.c ****             /* send the request data to the host */
 424              		.loc 1 374 31 is_stmt 0
 425 00a8 2383E700 		sb	a4,6(a5)
 376:./../../firmware/debugger/lib/usbcdc/src/cdc_acm_core.c ****             pudev->dev.transc_in[0].remain_len = req->wLength;
 426              		.loc 1 376 13 is_stmt 1
 377:./../../firmware/debugger/lib/usbcdc/src/cdc_acm_core.c ****             break;
 427              		.loc 1 377 13
 377:./../../firmware/debugger/lib/usbcdc/src/cdc_acm_core.c ****             break;
 428              		.loc 1 377 53 is_stmt 0
 429 00ac 83C77500 		lbu	a5,7(a1)
 430 00b0 03C76500 		lbu	a4,6(a1)
 431 00b4 A207     		slli	a5,a5,8
 432 00b6 D98F     		or	a5,a5,a4
 433 00b8 232EF50C 		sw	a5,220(a0)
 378:./../../firmware/debugger/lib/usbcdc/src/cdc_acm_core.c ****         case SET_CONTROL_LINE_STATE:
 434              		.loc 1 378 13 is_stmt 1
 435 00bc B1BF     		j	.L30
 436              	.LVL34:
 437              	.L27:
 438              	.LBE28:
 439              	.LBE27:
 380:./../../firmware/debugger/lib/usbcdc/src/cdc_acm_core.c ****             break;
 440              		.loc 1 380 13
 380:./../../firmware/debugger/lib/usbcdc/src/cdc_acm_core.c ****             break;
 441              		.loc 1 380 39 is_stmt 0
 442 00be 83C73500 		lbu	a5,3(a1)
 443 00c2 03C72500 		lbu	a4,2(a1)
 444 00c6 A207     		slli	a5,a5,8
 445 00c8 D98F     		or	a5,a5,a4
 446 00ca 37070000 		lui	a4,%hi(.LANCHOR7)
 447 00ce 2320F700 		sw	a5,%lo(.LANCHOR7)(a4)
 381:./../../firmware/debugger/lib/usbcdc/src/cdc_acm_core.c ****         case SEND_BREAK:
GAS LISTING C:\Users\SEBAST~1\AppData\Local\Temp\ccYar430.s 			page 17


 448              		.loc 1 381 13 is_stmt 1
 449 00d2 99B7     		j	.L30
 450              		.cfi_endproc
 451              	.LFE7:
 453              		.section	.text.cdc_acm_data_receive,"ax",@progbits
 454              		.align	1
 455              		.globl	cdc_acm_data_receive
 457              	cdc_acm_data_receive:
 458              	.LFB8:
 392:./../../firmware/debugger/lib/usbcdc/src/cdc_acm_core.c **** 
 393:./../../firmware/debugger/lib/usbcdc/src/cdc_acm_core.c **** /*!
 394:./../../firmware/debugger/lib/usbcdc/src/cdc_acm_core.c ****     \brief      receive CDC ACM data
 395:./../../firmware/debugger/lib/usbcdc/src/cdc_acm_core.c ****     \param[in]  pudev: pointer to USB device instance
 396:./../../firmware/debugger/lib/usbcdc/src/cdc_acm_core.c ****     \param[out] none
 397:./../../firmware/debugger/lib/usbcdc/src/cdc_acm_core.c ****     \retval     USB device operation status
 398:./../../firmware/debugger/lib/usbcdc/src/cdc_acm_core.c **** */
 399:./../../firmware/debugger/lib/usbcdc/src/cdc_acm_core.c **** void cdc_acm_data_receive(usb_dev *pudev)
 400:./../../firmware/debugger/lib/usbcdc/src/cdc_acm_core.c **** {
 459              		.loc 1 400 1
 460              		.cfi_startproc
 461              	.LVL35:
 401:./../../firmware/debugger/lib/usbcdc/src/cdc_acm_core.c ****     packet_receive = 0;
 462              		.loc 1 401 5
 402:./../../firmware/debugger/lib/usbcdc/src/cdc_acm_core.c **** 
 403:./../../firmware/debugger/lib/usbcdc/src/cdc_acm_core.c ****     usbd_ep_recev(pudev, CDC_ACM_DATA_OUT_EP, (uint8_t*)(usb_data_buffer), CDC_ACM_DATA_PACKET_SIZE
 463              		.loc 1 403 5 is_stmt 0
 464 0000 37060000 		lui	a2,%hi(usb_data_buffer)
 401:./../../firmware/debugger/lib/usbcdc/src/cdc_acm_core.c ****     packet_receive = 0;
 465              		.loc 1 401 20
 466 0004 B7070000 		lui	a5,%hi(.LANCHOR1)
 467              		.loc 1 403 5
 468 0008 93060004 		li	a3,64
 469 000c 13060600 		addi	a2,a2,%lo(usb_data_buffer)
 470 0010 8D45     		li	a1,3
 401:./../../firmware/debugger/lib/usbcdc/src/cdc_acm_core.c ****     packet_receive = 0;
 471              		.loc 1 401 20
 472 0012 23800700 		sb	zero,%lo(.LANCHOR1)(a5)
 473              		.loc 1 403 5 is_stmt 1
 474 0016 17030000 		tail	usbd_ep_recev
 474      67000300 
 475              	.LVL36:
 476              		.cfi_endproc
 477              	.LFE8:
 479              		.section	.text.cdc_acm_data_send,"ax",@progbits
 480              		.align	1
 481              		.globl	cdc_acm_data_send
 483              	cdc_acm_data_send:
 484              	.LFB9:
 404:./../../firmware/debugger/lib/usbcdc/src/cdc_acm_core.c **** }
 405:./../../firmware/debugger/lib/usbcdc/src/cdc_acm_core.c **** 
 406:./../../firmware/debugger/lib/usbcdc/src/cdc_acm_core.c **** /*!
 407:./../../firmware/debugger/lib/usbcdc/src/cdc_acm_core.c ****     \brief      send CDC ACM data
 408:./../../firmware/debugger/lib/usbcdc/src/cdc_acm_core.c ****     \param[in]  pudev: pointer to USB device instance
 409:./../../firmware/debugger/lib/usbcdc/src/cdc_acm_core.c ****     \param[out] none
 410:./../../firmware/debugger/lib/usbcdc/src/cdc_acm_core.c ****     \retval     USB device operation status
 411:./../../firmware/debugger/lib/usbcdc/src/cdc_acm_core.c **** */
 412:./../../firmware/debugger/lib/usbcdc/src/cdc_acm_core.c **** void cdc_acm_data_send (usb_dev *pudev, uint32_t data_len)
GAS LISTING C:\Users\SEBAST~1\AppData\Local\Temp\ccYar430.s 			page 18


 413:./../../firmware/debugger/lib/usbcdc/src/cdc_acm_core.c **** {
 485              		.loc 1 413 1
 486              		.cfi_startproc
 487              	.LVL37:
 414:./../../firmware/debugger/lib/usbcdc/src/cdc_acm_core.c ****     /* limit the transfer data length */
 415:./../../firmware/debugger/lib/usbcdc/src/cdc_acm_core.c ****     if (data_len <= CDC_ACM_DATA_PACKET_SIZE) {
 488              		.loc 1 415 5
 489              		.loc 1 415 8 is_stmt 0
 490 0000 93070004 		li	a5,64
 491 0004 63E3B702 		bgtu	a1,a5,.L33
 416:./../../firmware/debugger/lib/usbcdc/src/cdc_acm_core.c ****         packet_sent = 0;
 492              		.loc 1 416 9 is_stmt 1
 417:./../../firmware/debugger/lib/usbcdc/src/cdc_acm_core.c ****         usbd_ep_send(pudev, CDC_ACM_DATA_IN_EP, (uint8_t*)(usb_data_buffer), data_len);
 493              		.loc 1 417 9 is_stmt 0
 494 0008 93960501 		slli	a3,a1,16
 495 000c 37060000 		lui	a2,%hi(usb_data_buffer)
 416:./../../firmware/debugger/lib/usbcdc/src/cdc_acm_core.c ****         packet_sent = 0;
 496              		.loc 1 416 21
 497 0010 B7070000 		lui	a5,%hi(.LANCHOR4)
 498              		.loc 1 417 9
 499 0014 C182     		srli	a3,a3,16
 500 0016 13060600 		addi	a2,a2,%lo(usb_data_buffer)
 501 001a 93051008 		li	a1,129
 502              	.LVL38:
 416:./../../firmware/debugger/lib/usbcdc/src/cdc_acm_core.c ****         packet_sent = 0;
 503              		.loc 1 416 21
 504 001e 23800700 		sb	zero,%lo(.LANCHOR4)(a5)
 505              		.loc 1 417 9 is_stmt 1
 506 0022 17030000 		tail	usbd_ep_send
 506      67000300 
 507              	.LVL39:
 508              	.L33:
 418:./../../firmware/debugger/lib/usbcdc/src/cdc_acm_core.c ****     }
 419:./../../firmware/debugger/lib/usbcdc/src/cdc_acm_core.c **** }
 509              		.loc 1 419 1 is_stmt 0
 510 002a 8280     		ret
 511              		.cfi_endproc
 512              	.LFE9:
 514              		.section	.text.cdc_acm_EP0_RxReady,"ax",@progbits
 515              		.align	1
 516              		.globl	cdc_acm_EP0_RxReady
 518              	cdc_acm_EP0_RxReady:
 519              	.LFB10:
 420:./../../firmware/debugger/lib/usbcdc/src/cdc_acm_core.c **** 
 421:./../../firmware/debugger/lib/usbcdc/src/cdc_acm_core.c **** /*!
 422:./../../firmware/debugger/lib/usbcdc/src/cdc_acm_core.c ****     \brief      command data received on control endpoint
 423:./../../firmware/debugger/lib/usbcdc/src/cdc_acm_core.c ****     \param[in]  pudev: pointer to USB device instance
 424:./../../firmware/debugger/lib/usbcdc/src/cdc_acm_core.c ****     \param[out] none
 425:./../../firmware/debugger/lib/usbcdc/src/cdc_acm_core.c ****     \retval     USB device operation status
 426:./../../firmware/debugger/lib/usbcdc/src/cdc_acm_core.c **** */
 427:./../../firmware/debugger/lib/usbcdc/src/cdc_acm_core.c **** uint8_t cdc_acm_EP0_RxReady (usb_dev *pudev)
 428:./../../firmware/debugger/lib/usbcdc/src/cdc_acm_core.c **** {
 520              		.loc 1 428 1 is_stmt 1
 521              		.cfi_startproc
 522              	.LVL40:
 429:./../../firmware/debugger/lib/usbcdc/src/cdc_acm_core.c ****     if (NO_CMD != cdc_cmd) {
 523              		.loc 1 429 5
GAS LISTING C:\Users\SEBAST~1\AppData\Local\Temp\ccYar430.s 			page 19


 524              		.loc 1 429 16 is_stmt 0
 525 0000 B7050000 		lui	a1,%hi(.LANCHOR5)
 526 0004 93850500 		addi	a1,a1,%lo(.LANCHOR5)
 527              		.loc 1 429 8
 528 0008 9C41     		lw	a5,0(a1)
 529 000a 1305F00F 		li	a0,255
 530              	.LVL41:
 531 000e 6386A704 		beq	a5,a0,.L36
 532              	.LVL42:
 533              	.LBB31:
 534              	.LBB32:
 430:./../../firmware/debugger/lib/usbcdc/src/cdc_acm_core.c ****         /* process the command data */
 431:./../../firmware/debugger/lib/usbcdc/src/cdc_acm_core.c ****         linecoding.dwDTERate = (uint32_t)(usb_cmd_buffer[0] | 
 535              		.loc 1 431 9 is_stmt 1
 536              		.loc 1 431 30 is_stmt 0
 537 0012 B7070000 		lui	a5,%hi(usb_cmd_buffer)
 538 0016 03C61700 		lbu	a2,%lo(usb_cmd_buffer+1)(a5)
 539 001a 83C60700 		lbu	a3,%lo(usb_cmd_buffer)(a5)
 540 001e 37070000 		lui	a4,%hi(.LANCHOR6)
 541 0022 2206     		slli	a2,a2,8
 542 0024 558E     		or	a2,a2,a3
 543 0026 83C62700 		lbu	a3,%lo(usb_cmd_buffer+2)(a5)
 544 002a 13070700 		addi	a4,a4,%lo(.LANCHOR6)
 432:./../../firmware/debugger/lib/usbcdc/src/cdc_acm_core.c ****                                          (usb_cmd_buffer[1] << 8) |
 433:./../../firmware/debugger/lib/usbcdc/src/cdc_acm_core.c ****                                          (usb_cmd_buffer[2] << 16) |
 434:./../../firmware/debugger/lib/usbcdc/src/cdc_acm_core.c ****                                          (usb_cmd_buffer[3] << 24));
 435:./../../firmware/debugger/lib/usbcdc/src/cdc_acm_core.c **** 
 436:./../../firmware/debugger/lib/usbcdc/src/cdc_acm_core.c ****         linecoding.bCharFormat = usb_cmd_buffer[4];
 437:./../../firmware/debugger/lib/usbcdc/src/cdc_acm_core.c ****         linecoding.bParityType = usb_cmd_buffer[5];
 438:./../../firmware/debugger/lib/usbcdc/src/cdc_acm_core.c ****         linecoding.bDataBits = usb_cmd_buffer[6];
 439:./../../firmware/debugger/lib/usbcdc/src/cdc_acm_core.c **** 
 440:./../../firmware/debugger/lib/usbcdc/src/cdc_acm_core.c ****         cdc_cmd = NO_CMD;
 545              		.loc 1 440 17
 546 002e 88C1     		sw	a0,0(a1)
 431:./../../firmware/debugger/lib/usbcdc/src/cdc_acm_core.c ****                                          (usb_cmd_buffer[1] << 8) |
 547              		.loc 1 431 30
 548 0030 C206     		slli	a3,a3,16
 549 0032 558E     		or	a2,a3,a2
 550 0034 83C63700 		lbu	a3,%lo(usb_cmd_buffer+3)(a5)
 436:./../../firmware/debugger/lib/usbcdc/src/cdc_acm_core.c ****         linecoding.bParityType = usb_cmd_buffer[5];
 551              		.loc 1 436 48
 552 0038 93870700 		addi	a5,a5,%lo(usb_cmd_buffer)
 431:./../../firmware/debugger/lib/usbcdc/src/cdc_acm_core.c ****                                          (usb_cmd_buffer[1] << 8) |
 553              		.loc 1 431 30
 554 003c E206     		slli	a3,a3,24
 555 003e D18E     		or	a3,a3,a2
 556 0040 14C3     		sw	a3,0(a4)
 436:./../../firmware/debugger/lib/usbcdc/src/cdc_acm_core.c ****         linecoding.bParityType = usb_cmd_buffer[5];
 557              		.loc 1 436 9 is_stmt 1
 436:./../../firmware/debugger/lib/usbcdc/src/cdc_acm_core.c ****         linecoding.bParityType = usb_cmd_buffer[5];
 558              		.loc 1 436 32 is_stmt 0
 559 0042 83C64700 		lbu	a3,4(a5)
 560 0046 2302D700 		sb	a3,4(a4)
 437:./../../firmware/debugger/lib/usbcdc/src/cdc_acm_core.c ****         linecoding.bDataBits = usb_cmd_buffer[6];
 561              		.loc 1 437 9 is_stmt 1
 437:./../../firmware/debugger/lib/usbcdc/src/cdc_acm_core.c ****         linecoding.bDataBits = usb_cmd_buffer[6];
 562              		.loc 1 437 32 is_stmt 0
GAS LISTING C:\Users\SEBAST~1\AppData\Local\Temp\ccYar430.s 			page 20


 563 004a 83C65700 		lbu	a3,5(a5)
 438:./../../firmware/debugger/lib/usbcdc/src/cdc_acm_core.c **** 
 564              		.loc 1 438 30
 565 004e 83C76700 		lbu	a5,6(a5)
 437:./../../firmware/debugger/lib/usbcdc/src/cdc_acm_core.c ****         linecoding.bDataBits = usb_cmd_buffer[6];
 566              		.loc 1 437 32
 567 0052 A302D700 		sb	a3,5(a4)
 438:./../../firmware/debugger/lib/usbcdc/src/cdc_acm_core.c **** 
 568              		.loc 1 438 9 is_stmt 1
 438:./../../firmware/debugger/lib/usbcdc/src/cdc_acm_core.c **** 
 569              		.loc 1 438 30 is_stmt 0
 570 0056 2303F700 		sb	a5,6(a4)
 571              		.loc 1 440 9 is_stmt 1
 572              	.LVL43:
 573              	.L36:
 574              	.LBE32:
 575              	.LBE31:
 441:./../../firmware/debugger/lib/usbcdc/src/cdc_acm_core.c ****     }
 442:./../../firmware/debugger/lib/usbcdc/src/cdc_acm_core.c **** 
 443:./../../firmware/debugger/lib/usbcdc/src/cdc_acm_core.c ****     return USBD_OK;
 576              		.loc 1 443 5
 444:./../../firmware/debugger/lib/usbcdc/src/cdc_acm_core.c **** }
 577              		.loc 1 444 1 is_stmt 0
 578 005a 0145     		li	a0,0
 579 005c 8280     		ret
 580              		.cfi_endproc
 581              	.LFE10:
 583              		.section	.text.cdc_acm_set_custom_cb,"ax",@progbits
 584              		.align	1
 585              		.globl	cdc_acm_set_custom_cb
 587              	cdc_acm_set_custom_cb:
 588              	.LFB11:
 445:./../../firmware/debugger/lib/usbcdc/src/cdc_acm_core.c **** 
 446:./../../firmware/debugger/lib/usbcdc/src/cdc_acm_core.c **** void cdc_acm_set_custom_cb(usb_rx_custom_cb cb){
 589              		.loc 1 446 48 is_stmt 1
 590              		.cfi_startproc
 591              	.LVL44:
 447:./../../firmware/debugger/lib/usbcdc/src/cdc_acm_core.c ****     rx_custom_cb = cb;
 592              		.loc 1 447 5
 593              		.loc 1 447 18 is_stmt 0
 594 0000 B7070000 		lui	a5,%hi(.LANCHOR3)
 595 0004 23A0A700 		sw	a0,%lo(.LANCHOR3)(a5)
 448:./../../firmware/debugger/lib/usbcdc/src/cdc_acm_core.c **** }
 596              		.loc 1 448 1
 597 0008 8280     		ret
 598              		.cfi_endproc
 599              	.LFE11:
 601              		.section	.text.cdc_acm_get_line_state,"ax",@progbits
 602              		.align	1
 603              		.globl	cdc_acm_get_line_state
 605              	cdc_acm_get_line_state:
 606              	.LFB12:
 449:./../../firmware/debugger/lib/usbcdc/src/cdc_acm_core.c **** 
 450:./../../firmware/debugger/lib/usbcdc/src/cdc_acm_core.c **** uint32_t cdc_acm_get_line_state(void){
 607              		.loc 1 450 38 is_stmt 1
 608              		.cfi_startproc
 451:./../../firmware/debugger/lib/usbcdc/src/cdc_acm_core.c ****     return usb_serial_connected;
GAS LISTING C:\Users\SEBAST~1\AppData\Local\Temp\ccYar430.s 			page 21


 609              		.loc 1 451 5
 452:./../../firmware/debugger/lib/usbcdc/src/cdc_acm_core.c **** }
 610              		.loc 1 452 1 is_stmt 0
 611 0000 B7070000 		lui	a5,%hi(.LANCHOR7)
 612 0004 03A50700 		lw	a0,%lo(.LANCHOR7)(a5)
 613 0008 8280     		ret
 614              		.cfi_endproc
 615              	.LFE12:
 617              		.globl	usbd_cdc_cb
 618              		.section	.data.configuration_descriptor,"aw"
 619              		.align	2
 620              		.set	.LANCHOR0,. + 0
 623              	configuration_descriptor:
 624 0000 09       		.byte	9
 625 0001 02       		.byte	2
 626 0002 4300     		.half	67
 627 0004 02       		.byte	2
 628 0005 01       		.byte	1
 629 0006 00       		.byte	0
 630 0007 80       		.byte	-128
 631 0008 32       		.byte	50
 632 0009 09       		.byte	9
 633 000a 04       		.byte	4
 634 000b 00       		.byte	0
 635 000c 00       		.byte	0
 636 000d 01       		.byte	1
 637 000e 02       		.byte	2
 638 000f 02       		.byte	2
 639 0010 00       		.byte	0
 640 0011 00       		.byte	0
 641 0012 05       		.byte	5
 642 0013 24       		.byte	36
 643 0014 00       		.byte	0
 644 0015 1001     		.2byte	272
 645 0017 05       		.byte	5
 646 0018 24       		.byte	36
 647 0019 01       		.byte	1
 648 001a 00       		.byte	0
 649 001b 01       		.byte	1
 650 001c 04       		.byte	4
 651 001d 24       		.byte	36
 652 001e 02       		.byte	2
 653 001f 02       		.byte	2
 654 0020 05       		.byte	5
 655 0021 24       		.byte	36
 656 0022 06       		.byte	6
 657 0023 00       		.byte	0
 658 0024 01       		.byte	1
 659 0025 07       		.byte	7
 660 0026 05       		.byte	5
 661 0027 82       		.byte	-126
 662 0028 03       		.byte	3
 663 0029 0800     		.2byte	8
 664 002b 0A       		.byte	10
 665 002c 09       		.byte	9
 666 002d 04       		.byte	4
 667 002e 01       		.byte	1
GAS LISTING C:\Users\SEBAST~1\AppData\Local\Temp\ccYar430.s 			page 22


 668 002f 00       		.byte	0
 669 0030 02       		.byte	2
 670 0031 0A       		.byte	10
 671 0032 00       		.byte	0
 672 0033 00       		.byte	0
 673 0034 00       		.byte	0
 674 0035 07       		.byte	7
 675 0036 05       		.byte	5
 676 0037 03       		.byte	3
 677 0038 02       		.byte	2
 678 0039 4000     		.2byte	64
 679 003b 00       		.byte	0
 680 003c 07       		.byte	7
 681 003d 05       		.byte	5
 682 003e 81       		.byte	-127
 683 003f 02       		.byte	2
 684 0040 4000     		.half	64
 685 0042 00       		.byte	0
 686              		.section	.data.usbd_cdc_cb,"aw"
 687              		.align	2
 690              	usbd_cdc_cb:
 691 0000 FF       		.byte	-1
 692 0001 00       		.byte	0
 693 0002 0000     		.zero	2
 694 0004 00000000 		.word	cdc_acm_init
 695 0008 00000000 		.word	cdc_acm_deinit
 696 000c 00000000 		.word	cdc_acm_req_handler
 697 0010 00000000 		.word	cdc_acm_data_in_handler
 698 0014 00000000 		.word	cdc_acm_data_out_handler
 699 0018 00000000 		.zero	12
 699      00000000 
 699      00000000 
 700              		.section	.rodata.__compound_literal.0,"a"
 701              		.align	2
 704              	__compound_literal.0:
 705 0000 16       		.byte	22
 706 0001 03       		.byte	3
 707 0002 4700     		.string	"G"
 708 0004 6900     		.string	"i"
 709 0006 6700     		.string	"g"
 710 0008 6100     		.string	"a"
 711 000a 4400     		.string	"D"
 712 000c 6500     		.string	"e"
 713 000e 7600     		.string	"v"
 714 0010 6900     		.string	"i"
 715 0012 6300     		.string	"c"
 716 0014 6500     		.string	"e"
 717 0016 00       		.string	""
 718 0017 00       		.string	""
 719              		.section	.rodata.__compound_literal.1,"a"
 720              		.align	2
 723              	__compound_literal.1:
 724 0000 38       		.byte	56
 725 0001 03       		.byte	3
 726 0002 4700     		.string	"G"
 727 0004 4400     		.string	"D"
 728 0006 3300     		.string	"3"
GAS LISTING C:\Users\SEBAST~1\AppData\Local\Temp\ccYar430.s 			page 23


 729 0008 3200     		.string	"2"
 730 000a 2000     		.string	" "
 731 000c 5500     		.string	"U"
 732 000e 5300     		.string	"S"
 733 0010 4200     		.string	"B"
 734 0012 2000     		.string	" "
 735 0014 4300     		.string	"C"
 736 0016 4400     		.string	"D"
 737 0018 4300     		.string	"C"
 738 001a 2000     		.string	" "
 739 001c 4100     		.string	"A"
 740 001e 4300     		.string	"C"
 741 0020 4D00     		.string	"M"
 742 0022 2000     		.string	" "
 743 0024 6900     		.string	"i"
 744 0026 6E00     		.string	"n"
 745 0028 2000     		.string	" "
 746 002a 4600     		.string	"F"
 747 002c 5300     		.string	"S"
 748 002e 2000     		.string	" "
 749 0030 4D00     		.string	"M"
 750 0032 6F00     		.string	"o"
 751 0034 6400     		.string	"d"
 752 0036 6500     		.string	"e"
 753 0038 00       		.string	""
 754 0039 00       		.string	""
 755              		.section	.rodata.__compound_literal.2,"a"
 756              		.align	2
 759              	__compound_literal.2:
 760 0000 2E       		.byte	46
 761 0001 03       		.byte	3
 762 0002 4700     		.string	"G"
 763 0004 4400     		.string	"D"
 764 0006 3300     		.string	"3"
 765 0008 3200     		.string	"2"
 766 000a 5800     		.string	"X"
 767 000c 5800     		.string	"X"
 768 000e 5800     		.string	"X"
 769 0010 2D00     		.string	"-"
 770 0012 3300     		.string	"3"
 771 0014 2E00     		.string	"."
 772 0016 3000     		.string	"0"
 773 0018 2E00     		.string	"."
 774 001a 3000     		.string	"0"
 775 001c 2D00     		.string	"-"
 776 001e 3700     		.string	"7"
 777 0020 7A00     		.string	"z"
 778 0022 3800     		.string	"8"
 779 0024 7800     		.string	"x"
 780 0026 3900     		.string	"9"
 781 0028 7900     		.string	"y"
 782 002a 6500     		.string	"e"
 783 002c 7200     		.string	"r"
 784 002e 00       		.string	""
 785 002f 00       		.string	""
 786              		.section	.rodata.device_descriptor,"a"
 787              		.align	2
GAS LISTING C:\Users\SEBAST~1\AppData\Local\Temp\ccYar430.s 			page 24


 790              	device_descriptor:
 791 0000 12       		.byte	18
 792 0001 01       		.byte	1
 793 0002 0002     		.half	512
 794 0004 02       		.byte	2
 795 0005 00       		.byte	0
 796 0006 00       		.byte	0
 797 0007 40       		.byte	64
 798 0008 E928     		.half	10473
 799 000a 8A01     		.half	394
 800 000c 0001     		.half	256
 801 000e 01       		.byte	1
 802 000f 02       		.byte	2
 803 0010 03       		.byte	3
 804 0011 01       		.byte	1
 805              		.section	.rodata.usbd_strings,"a"
 806              		.align	2
 809              	usbd_strings:
 810 0000 00000000 		.word	usbd_language_id_desc
 811 0004 00000000 		.word	__compound_literal.0
 812 0008 00000000 		.word	__compound_literal.1
 813 000c 00000000 		.word	__compound_literal.2
 814              		.section	.sbss.receive_length,"aw",@nobits
 815              		.align	2
 816              		.set	.LANCHOR2,. + 0
 819              	receive_length:
 820 0000 00000000 		.zero	4
 821              		.section	.sbss.rx_custom_cb,"aw",@nobits
 822              		.align	2
 823              		.set	.LANCHOR3,. + 0
 826              	rx_custom_cb:
 827 0000 00000000 		.zero	4
 828              		.section	.sbss.usb_serial_connected,"aw",@nobits
 829              		.align	2
 830              		.set	.LANCHOR7,. + 0
 833              	usb_serial_connected:
 834 0000 00000000 		.zero	4
 835              		.section	.sdata.cdc_cmd,"aw"
 836              		.align	2
 837              		.set	.LANCHOR5,. + 0
 840              	cdc_cmd:
 841 0000 FF000000 		.word	255
 842              		.section	.sdata.linecoding,"aw"
 843              		.align	2
 844              		.set	.LANCHOR6,. + 0
 847              	linecoding:
 848 0000 00C20100 		.word	115200
 849 0004 00       		.byte	0
 850 0005 00       		.byte	0
 851 0006 08       		.byte	8
 852 0007 00       		.zero	1
 853              		.section	.sdata.packet_receive,"aw"
 854              		.set	.LANCHOR1,. + 0
 857              	packet_receive:
 858 0000 01       		.byte	1
 859              		.section	.sdata.packet_sent,"aw"
 860              		.set	.LANCHOR4,. + 0
GAS LISTING C:\Users\SEBAST~1\AppData\Local\Temp\ccYar430.s 			page 25


 863              	packet_sent:
 864 0000 01       		.byte	1
 865              		.section	.sdata2.usbd_language_id_desc,"a"
 866              		.align	2
 869              	usbd_language_id_desc:
 870 0000 04       		.byte	4
 871 0001 03       		.byte	3
 872 0002 0904     		.half	1033
 873              		.text
 874              	.Letext0:
 875              		.file 2 "c:\\users\\sebastian\\downloads\\toolchain-gd32v-v201-win\\compiler\\riscv64-unknown-elf\
 876              		.file 3 "c:\\users\\sebastian\\downloads\\toolchain-gd32v-v201-win\\compiler\\riscv64-unknown-elf\
 877              		.file 4 "c:\\users\\sebastian\\downloads\\toolchain-gd32v-v201-win\\compiler\\lib\\gcc\\riscv64-un
 878              		.file 5 "./../../firmware/debugger/lib/usbcdc/include/drv_usb_regs.h"
 879              		.file 6 "./../../firmware/GD32VF103_standard_peripheral/system_gd32vf103.h"
 880              		.file 7 "./../../firmware/debugger/lib/usbcdc/include/usb_ch9_std.h"
 881              		.file 8 "./../../firmware/debugger/lib/usbcdc/include/drv_usb_core.h"
 882              		.file 9 "./../../firmware/debugger/lib/usbcdc/include/drv_usb_dev.h"
 883              		.file 10 "c:\\users\\sebastian\\downloads\\toolchain-gd32v-v201-win\\compiler\\riscv64-unknown-elf
 884              		.file 11 "c:\\users\\sebastian\\downloads\\toolchain-gd32v-v201-win\\compiler\\riscv64-unknown-elf
 885              		.file 12 "c:\\users\\sebastian\\downloads\\toolchain-gd32v-v201-win\\compiler\\riscv64-unknown-elf
 886              		.file 13 "./../../firmware/debugger/lib/usbcdc/include/usbd_enum.h"
 887              		.file 14 "./../../firmware/debugger/lib/usbcdc/include/cdc_acm_core.h"
 888              		.file 15 "./../../firmware/debugger/lib/usbcdc/include/usbd_core.h"
 889              		.file 16 "./../../firmware/debugger/debugger.h"
GAS LISTING C:\Users\SEBAST~1\AppData\Local\Temp\ccYar430.s 			page 26


DEFINED SYMBOLS
                            *ABS*:0000000000000000 cdc_acm_core.c
                            *COM*:0000000000000040 usb_data_buffer
                            *COM*:0000000000000008 usb_cmd_buffer
C:\Users\SEBAST~1\AppData\Local\Temp\ccYar430.s:863    .sdata.packet_sent:0000000000000000 packet_sent
C:\Users\SEBAST~1\AppData\Local\Temp\ccYar430.s:857    .sdata.packet_receive:0000000000000000 packet_receive
C:\Users\SEBAST~1\AppData\Local\Temp\ccYar430.s:819    .sbss.receive_length:0000000000000000 receive_length
C:\Users\SEBAST~1\AppData\Local\Temp\ccYar430.s:826    .sbss.rx_custom_cb:0000000000000000 rx_custom_cb
C:\Users\SEBAST~1\AppData\Local\Temp\ccYar430.s:847    .sdata.linecoding:0000000000000000 linecoding
C:\Users\SEBAST~1\AppData\Local\Temp\ccYar430.s:790    .rodata.device_descriptor:0000000000000000 device_descriptor
C:\Users\SEBAST~1\AppData\Local\Temp\ccYar430.s:623    .data.configuration_descriptor:0000000000000000 configuration_descriptor
C:\Users\SEBAST~1\AppData\Local\Temp\ccYar430.s:869    .sdata2.usbd_language_id_desc:0000000000000000 usbd_language_id_desc
C:\Users\SEBAST~1\AppData\Local\Temp\ccYar430.s:809    .rodata.usbd_strings:0000000000000000 usbd_strings
C:\Users\SEBAST~1\AppData\Local\Temp\ccYar430.s:24     .text.cdc_acm_init:0000000000000000 cdc_acm_init
C:\Users\SEBAST~1\AppData\Local\Temp\ccYar430.s:28     .text.cdc_acm_init:0000000000000000 .L0 
C:\Users\SEBAST~1\AppData\Local\Temp\ccYar430.s:30     .text.cdc_acm_init:0000000000000000 .L0 
C:\Users\SEBAST~1\AppData\Local\Temp\ccYar430.s:31     .text.cdc_acm_init:0000000000000000 .L0 
C:\Users\SEBAST~1\AppData\Local\Temp\ccYar430.s:32     .text.cdc_acm_init:0000000000000000 .L0 
C:\Users\SEBAST~1\AppData\Local\Temp\ccYar430.s:34     .text.cdc_acm_init:0000000000000002 .L0 
C:\Users\SEBAST~1\AppData\Local\Temp\ccYar430.s:36     .text.cdc_acm_init:0000000000000004 .L0 
C:\Users\SEBAST~1\AppData\Local\Temp\ccYar430.s:38     .text.cdc_acm_init:0000000000000004 .L0 
C:\Users\SEBAST~1\AppData\Local\Temp\ccYar430.s:43     .text.cdc_acm_init:0000000000000010 .L0 
C:\Users\SEBAST~1\AppData\Local\Temp\ccYar430.s:45     .text.cdc_acm_init:0000000000000014 .L0 
C:\Users\SEBAST~1\AppData\Local\Temp\ccYar430.s:46     .text.cdc_acm_init:0000000000000014 .L0 
C:\Users\SEBAST~1\AppData\Local\Temp\ccYar430.s:48     .text.cdc_acm_init:0000000000000014 .L0 
C:\Users\SEBAST~1\AppData\Local\Temp\ccYar430.s:50     .text.cdc_acm_init:0000000000000016 .L0 
C:\Users\SEBAST~1\AppData\Local\Temp\ccYar430.s:53     .text.cdc_acm_init:000000000000001e .L0 
C:\Users\SEBAST~1\AppData\Local\Temp\ccYar430.s:58     .text.cdc_acm_init:000000000000002c .L0 
C:\Users\SEBAST~1\AppData\Local\Temp\ccYar430.s:63     .text.cdc_acm_init:000000000000003a .L0 
C:\Users\SEBAST~1\AppData\Local\Temp\ccYar430.s:64     .text.cdc_acm_init:000000000000003a .L0 
C:\Users\SEBAST~1\AppData\Local\Temp\ccYar430.s:65     .text.cdc_acm_init:000000000000003c .L0 
C:\Users\SEBAST~1\AppData\Local\Temp\ccYar430.s:67     .text.cdc_acm_init:000000000000003e .L0 
C:\Users\SEBAST~1\AppData\Local\Temp\ccYar430.s:69     .text.cdc_acm_init:0000000000000040 .L0 
C:\Users\SEBAST~1\AppData\Local\Temp\ccYar430.s:74     .text.cdc_acm_init:0000000000000044 .L0 
C:\Users\SEBAST~1\AppData\Local\Temp\ccYar430.s:76     .text.cdc_acm_init:0000000000000046 .L0 
C:\Users\SEBAST~1\AppData\Local\Temp\ccYar430.s:83     .text.cdc_acm_deinit:0000000000000000 cdc_acm_deinit
C:\Users\SEBAST~1\AppData\Local\Temp\ccYar430.s:86     .text.cdc_acm_deinit:0000000000000000 .L0 
C:\Users\SEBAST~1\AppData\Local\Temp\ccYar430.s:88     .text.cdc_acm_deinit:0000000000000000 .L0 
C:\Users\SEBAST~1\AppData\Local\Temp\ccYar430.s:89     .text.cdc_acm_deinit:0000000000000000 .L0 
C:\Users\SEBAST~1\AppData\Local\Temp\ccYar430.s:90     .text.cdc_acm_deinit:0000000000000000 .L0 
C:\Users\SEBAST~1\AppData\Local\Temp\ccYar430.s:92     .text.cdc_acm_deinit:0000000000000002 .L0 
C:\Users\SEBAST~1\AppData\Local\Temp\ccYar430.s:94     .text.cdc_acm_deinit:0000000000000002 .L0 
C:\Users\SEBAST~1\AppData\Local\Temp\ccYar430.s:97     .text.cdc_acm_deinit:0000000000000006 .L0 
C:\Users\SEBAST~1\AppData\Local\Temp\ccYar430.s:99     .text.cdc_acm_deinit:000000000000000a .L0 
C:\Users\SEBAST~1\AppData\Local\Temp\ccYar430.s:100    .text.cdc_acm_deinit:000000000000000a .L0 
C:\Users\SEBAST~1\AppData\Local\Temp\ccYar430.s:102    .text.cdc_acm_deinit:000000000000000a .L0 
C:\Users\SEBAST~1\AppData\Local\Temp\ccYar430.s:104    .text.cdc_acm_deinit:000000000000000c .L0 
C:\Users\SEBAST~1\AppData\Local\Temp\ccYar430.s:107    .text.cdc_acm_deinit:0000000000000014 .L0 
C:\Users\SEBAST~1\AppData\Local\Temp\ccYar430.s:112    .text.cdc_acm_deinit:0000000000000020 .L0 
C:\Users\SEBAST~1\AppData\Local\Temp\ccYar430.s:117    .text.cdc_acm_deinit:000000000000002e .L0 
C:\Users\SEBAST~1\AppData\Local\Temp\ccYar430.s:118    .text.cdc_acm_deinit:000000000000002e .L0 
C:\Users\SEBAST~1\AppData\Local\Temp\ccYar430.s:119    .text.cdc_acm_deinit:0000000000000030 .L0 
C:\Users\SEBAST~1\AppData\Local\Temp\ccYar430.s:121    .text.cdc_acm_deinit:0000000000000032 .L0 
C:\Users\SEBAST~1\AppData\Local\Temp\ccYar430.s:126    .text.cdc_acm_deinit:0000000000000036 .L0 
C:\Users\SEBAST~1\AppData\Local\Temp\ccYar430.s:128    .text.cdc_acm_deinit:0000000000000038 .L0 
C:\Users\SEBAST~1\AppData\Local\Temp\ccYar430.s:135    .text.cdc_acm_data_out_handler:0000000000000000 cdc_acm_data_out_handler
C:\Users\SEBAST~1\AppData\Local\Temp\ccYar430.s:138    .text.cdc_acm_data_out_handler:0000000000000000 .L0 
GAS LISTING C:\Users\SEBAST~1\AppData\Local\Temp\ccYar430.s 			page 27


C:\Users\SEBAST~1\AppData\Local\Temp\ccYar430.s:140    .text.cdc_acm_data_out_handler:0000000000000000 .L0 
C:\Users\SEBAST~1\AppData\Local\Temp\ccYar430.s:141    .text.cdc_acm_data_out_handler:0000000000000000 .L0 
C:\Users\SEBAST~1\AppData\Local\Temp\ccYar430.s:142    .text.cdc_acm_data_out_handler:0000000000000000 .L0 
C:\Users\SEBAST~1\AppData\Local\Temp\ccYar430.s:144    .text.cdc_acm_data_out_handler:0000000000000002 .L0 
C:\Users\SEBAST~1\AppData\Local\Temp\ccYar430.s:146    .text.cdc_acm_data_out_handler:0000000000000004 .L0 
C:\Users\SEBAST~1\AppData\Local\Temp\ccYar430.s:148    .text.cdc_acm_data_out_handler:0000000000000004 .L0 
C:\Users\SEBAST~1\AppData\Local\Temp\ccYar430.s:518    .text.cdc_acm_EP0_RxReady:0000000000000000 cdc_acm_EP0_RxReady
C:\Users\SEBAST~1\AppData\Local\Temp\ccYar430.s:150    .text.cdc_acm_data_out_handler:0000000000000006 .L0 
C:\Users\SEBAST~1\AppData\Local\Temp\ccYar430.s:153    .text.cdc_acm_data_out_handler:000000000000000e .L0 
C:\Users\SEBAST~1\AppData\Local\Temp\ccYar430.s:156    .text.cdc_acm_data_out_handler:0000000000000010 .L0 
C:\Users\SEBAST~1\AppData\Local\Temp\ccYar430.s:157    .text.cdc_acm_data_out_handler:0000000000000012 .L0 
C:\Users\SEBAST~1\AppData\Local\Temp\ccYar430.s:158    .text.cdc_acm_data_out_handler:0000000000000012 .L0 
C:\Users\SEBAST~1\AppData\Local\Temp\ccYar430.s:162    .text.cdc_acm_data_out_handler:0000000000000016 .L0 
C:\Users\SEBAST~1\AppData\Local\Temp\ccYar430.s:167    .text.cdc_acm_data_out_handler:0000000000000018 .L0 
C:\Users\SEBAST~1\AppData\Local\Temp\ccYar430.s:169    .text.cdc_acm_data_out_handler:0000000000000018 .L0 
C:\Users\SEBAST~1\AppData\Local\Temp\ccYar430.s:170    .text.cdc_acm_data_out_handler:0000000000000018 .L0 
C:\Users\SEBAST~1\AppData\Local\Temp\ccYar430.s:172    .text.cdc_acm_data_out_handler:000000000000001a .L0 
C:\Users\SEBAST~1\AppData\Local\Temp\ccYar430.s:174    .text.cdc_acm_data_out_handler:000000000000001c .L0 
C:\Users\SEBAST~1\AppData\Local\Temp\ccYar430.s:179    .text.cdc_acm_data_out_handler:0000000000000020 .L0 
C:\Users\SEBAST~1\AppData\Local\Temp\ccYar430.s:180    .text.cdc_acm_data_out_handler:0000000000000020 .L0 
C:\Users\SEBAST~1\AppData\Local\Temp\ccYar430.s:184    .text.cdc_acm_data_out_handler:000000000000002a .L0 
C:\Users\SEBAST~1\AppData\Local\Temp\ccYar430.s:185    .text.cdc_acm_data_out_handler:000000000000002a .L0 
C:\Users\SEBAST~1\AppData\Local\Temp\ccYar430.s:188    .text.cdc_acm_data_out_handler:0000000000000032 .L0 
C:\Users\SEBAST~1\AppData\Local\Temp\ccYar430.s:191    .text.cdc_acm_data_out_handler:000000000000003a .L0 
C:\Users\SEBAST~1\AppData\Local\Temp\ccYar430.s:192    .text.cdc_acm_data_out_handler:000000000000003a .L0 
C:\Users\SEBAST~1\AppData\Local\Temp\ccYar430.s:195    .text.cdc_acm_data_out_handler:0000000000000042 .L0 
C:\Users\SEBAST~1\AppData\Local\Temp\ccYar430.s:198    .text.cdc_acm_data_out_handler:0000000000000046 .L0 
C:\Users\SEBAST~1\AppData\Local\Temp\ccYar430.s:204    .text.cdc_acm_data_out_handler:000000000000004c .L0 
C:\Users\SEBAST~1\AppData\Local\Temp\ccYar430.s:211    .text.cdc_acm_data_in_handler:0000000000000000 cdc_acm_data_in_handler
C:\Users\SEBAST~1\AppData\Local\Temp\ccYar430.s:214    .text.cdc_acm_data_in_handler:0000000000000000 .L0 
C:\Users\SEBAST~1\AppData\Local\Temp\ccYar430.s:216    .text.cdc_acm_data_in_handler:0000000000000000 .L0 
C:\Users\SEBAST~1\AppData\Local\Temp\ccYar430.s:217    .text.cdc_acm_data_in_handler:0000000000000000 .L0 
C:\Users\SEBAST~1\AppData\Local\Temp\ccYar430.s:218    .text.cdc_acm_data_in_handler:0000000000000000 .L0 
C:\Users\SEBAST~1\AppData\Local\Temp\ccYar430.s:224    .text.cdc_acm_data_in_handler:0000000000000006 .L0 
C:\Users\SEBAST~1\AppData\Local\Temp\ccYar430.s:225    .text.cdc_acm_data_in_handler:0000000000000006 .L0 
C:\Users\SEBAST~1\AppData\Local\Temp\ccYar430.s:226    .text.cdc_acm_data_in_handler:0000000000000006 .L0 
C:\Users\SEBAST~1\AppData\Local\Temp\ccYar430.s:228    .text.cdc_acm_data_in_handler:000000000000000a .L0 
C:\Users\SEBAST~1\AppData\Local\Temp\ccYar430.s:230    .text.cdc_acm_data_in_handler:000000000000000e .L0 
C:\Users\SEBAST~1\AppData\Local\Temp\ccYar430.s:232    .text.cdc_acm_data_in_handler:0000000000000012 .L0 
C:\Users\SEBAST~1\AppData\Local\Temp\ccYar430.s:234    .text.cdc_acm_data_in_handler:0000000000000014 .L0 
C:\Users\SEBAST~1\AppData\Local\Temp\ccYar430.s:238    .text.cdc_acm_data_in_handler:0000000000000016 .L0 
C:\Users\SEBAST~1\AppData\Local\Temp\ccYar430.s:239    .text.cdc_acm_data_in_handler:0000000000000016 .L0 
C:\Users\SEBAST~1\AppData\Local\Temp\ccYar430.s:241    .text.cdc_acm_data_in_handler:0000000000000018 .L0 
C:\Users\SEBAST~1\AppData\Local\Temp\ccYar430.s:245    .text.cdc_acm_data_in_handler:0000000000000018 .L0 
C:\Users\SEBAST~1\AppData\Local\Temp\ccYar430.s:250    .text.cdc_acm_data_in_handler:000000000000001c .L0 
C:\Users\SEBAST~1\AppData\Local\Temp\ccYar430.s:251    .text.cdc_acm_data_in_handler:000000000000001e .L0 
C:\Users\SEBAST~1\AppData\Local\Temp\ccYar430.s:255    .text.cdc_acm_data_in_handler:000000000000001e .L0 
C:\Users\SEBAST~1\AppData\Local\Temp\ccYar430.s:260    .text.cdc_acm_data_in_handler:0000000000000026 .L0 
C:\Users\SEBAST~1\AppData\Local\Temp\ccYar430.s:261    .text.cdc_acm_data_in_handler:0000000000000028 .L0 
C:\Users\SEBAST~1\AppData\Local\Temp\ccYar430.s:265    .text.cdc_acm_data_in_handler:0000000000000028 .L0 
C:\Users\SEBAST~1\AppData\Local\Temp\ccYar430.s:269    .text.cdc_acm_data_in_handler:000000000000002a .L0 
C:\Users\SEBAST~1\AppData\Local\Temp\ccYar430.s:271    .text.cdc_acm_data_in_handler:000000000000002c .L0 
C:\Users\SEBAST~1\AppData\Local\Temp\ccYar430.s:278    .text.cdc_acm_data_in_handler:000000000000002e .L0 
C:\Users\SEBAST~1\AppData\Local\Temp\ccYar430.s:279    .text.cdc_acm_data_in_handler:000000000000002e .L0 
C:\Users\SEBAST~1\AppData\Local\Temp\ccYar430.s:290    .text.cdc_acm_data_in_handler:000000000000003c .L0 
C:\Users\SEBAST~1\AppData\Local\Temp\ccYar430.s:293    .text.cdc_acm_data_in_handler:000000000000003e .L0 
C:\Users\SEBAST~1\AppData\Local\Temp\ccYar430.s:294    .text.cdc_acm_data_in_handler:0000000000000040 .L0 
GAS LISTING C:\Users\SEBAST~1\AppData\Local\Temp\ccYar430.s 			page 28


C:\Users\SEBAST~1\AppData\Local\Temp\ccYar430.s:301    .text.cdc_acm_req_handler:0000000000000000 cdc_acm_req_handler
C:\Users\SEBAST~1\AppData\Local\Temp\ccYar430.s:304    .text.cdc_acm_req_handler:0000000000000000 .L0 
C:\Users\SEBAST~1\AppData\Local\Temp\ccYar430.s:306    .text.cdc_acm_req_handler:0000000000000000 .L0 
C:\Users\SEBAST~1\AppData\Local\Temp\ccYar430.s:307    .text.cdc_acm_req_handler:0000000000000000 .L0 
C:\Users\SEBAST~1\AppData\Local\Temp\ccYar430.s:308    .text.cdc_acm_req_handler:0000000000000000 .L0 
C:\Users\SEBAST~1\AppData\Local\Temp\ccYar430.s:310    .text.cdc_acm_req_handler:0000000000000004 .L0 
C:\Users\SEBAST~1\AppData\Local\Temp\ccYar430.s:317    .text.cdc_acm_req_handler:0000000000000018 .L0 
C:\Users\SEBAST~1\AppData\Local\Temp\ccYar430.s:318    .text.cdc_acm_req_handler:0000000000000018 .L0 
C:\Users\SEBAST~1\AppData\Local\Temp\ccYar430.s:324    .text.cdc_acm_req_handler:000000000000001c .L0 
C:\Users\SEBAST~1\AppData\Local\Temp\ccYar430.s:330    .text.cdc_acm_req_handler:000000000000002c .L0 
C:\Users\SEBAST~1\AppData\Local\Temp\ccYar430.s:331    .text.cdc_acm_req_handler:000000000000002c .L0 
C:\Users\SEBAST~1\AppData\Local\Temp\ccYar430.s:333    .text.cdc_acm_req_handler:000000000000002c .L0 
C:\Users\SEBAST~1\AppData\Local\Temp\ccYar430.s:334    .text.cdc_acm_req_handler:000000000000002c .L0 
C:\Users\SEBAST~1\AppData\Local\Temp\ccYar430.s:336    .text.cdc_acm_req_handler:000000000000002e .L0 
C:\Users\SEBAST~1\AppData\Local\Temp\ccYar430.s:338    .text.cdc_acm_req_handler:0000000000000030 .L0 
./../../firmware/debugger/lib/usbcdc/src/cdc_acm_core.c:383    .text.cdc_acm_req_handler:0000000000000030 .L0 
C:\Users\SEBAST~1\AppData\Local\Temp\ccYar430.s:349    .text.cdc_acm_req_handler:0000000000000034 .L0 
C:\Users\SEBAST~1\AppData\Local\Temp\ccYar430.s:350    .text.cdc_acm_req_handler:0000000000000034 .L0 
C:\Users\SEBAST~1\AppData\Local\Temp\ccYar430.s:355    .text.cdc_acm_req_handler:000000000000003e .L0 
C:\Users\SEBAST~1\AppData\Local\Temp\ccYar430.s:358    .text.cdc_acm_req_handler:0000000000000046 .L0 
C:\Users\SEBAST~1\AppData\Local\Temp\ccYar430.s:359    .text.cdc_acm_req_handler:0000000000000046 .L0 
C:\Users\SEBAST~1\AppData\Local\Temp\ccYar430.s:360    .text.cdc_acm_req_handler:0000000000000046 .L0 
C:\Users\SEBAST~1\AppData\Local\Temp\ccYar430.s:361    .text.cdc_acm_req_handler:0000000000000048 .L0 
C:\Users\SEBAST~1\AppData\Local\Temp\ccYar430.s:365    .text.cdc_acm_req_handler:000000000000004c .L0 
C:\Users\SEBAST~1\AppData\Local\Temp\ccYar430.s:370    .text.cdc_acm_req_handler:000000000000004e .L0 
C:\Users\SEBAST~1\AppData\Local\Temp\ccYar430.s:371    .text.cdc_acm_req_handler:000000000000004e .L0 
C:\Users\SEBAST~1\AppData\Local\Temp\ccYar430.s:374    .text.cdc_acm_req_handler:0000000000000056 .L0 
C:\Users\SEBAST~1\AppData\Local\Temp\ccYar430.s:375    .text.cdc_acm_req_handler:0000000000000056 .L0 
C:\Users\SEBAST~1\AppData\Local\Temp\ccYar430.s:379    .text.cdc_acm_req_handler:0000000000000062 .L0 
C:\Users\SEBAST~1\AppData\Local\Temp\ccYar430.s:385    .text.cdc_acm_req_handler:0000000000000064 .L0 
C:\Users\SEBAST~1\AppData\Local\Temp\ccYar430.s:386    .text.cdc_acm_req_handler:0000000000000064 .L0 
C:\Users\SEBAST~1\AppData\Local\Temp\ccYar430.s:390    .text.cdc_acm_req_handler:000000000000006e .L0 
C:\Users\SEBAST~1\AppData\Local\Temp\ccYar430.s:393    .text.cdc_acm_req_handler:0000000000000076 .L0 
C:\Users\SEBAST~1\AppData\Local\Temp\ccYar430.s:395    .text.cdc_acm_req_handler:000000000000007a .L0 
C:\Users\SEBAST~1\AppData\Local\Temp\ccYar430.s:397    .text.cdc_acm_req_handler:000000000000007e .L0 
C:\Users\SEBAST~1\AppData\Local\Temp\ccYar430.s:398    .text.cdc_acm_req_handler:000000000000007e .L0 
C:\Users\SEBAST~1\AppData\Local\Temp\ccYar430.s:400    .text.cdc_acm_req_handler:0000000000000082 .L0 
C:\Users\SEBAST~1\AppData\Local\Temp\ccYar430.s:401    .text.cdc_acm_req_handler:0000000000000082 .L0 
C:\Users\SEBAST~1\AppData\Local\Temp\ccYar430.s:403    .text.cdc_acm_req_handler:0000000000000086 .L0 
C:\Users\SEBAST~1\AppData\Local\Temp\ccYar430.s:405    .text.cdc_acm_req_handler:0000000000000088 .L0 
C:\Users\SEBAST~1\AppData\Local\Temp\ccYar430.s:407    .text.cdc_acm_req_handler:000000000000008c .L0 
C:\Users\SEBAST~1\AppData\Local\Temp\ccYar430.s:409    .text.cdc_acm_req_handler:0000000000000090 .L0 
C:\Users\SEBAST~1\AppData\Local\Temp\ccYar430.s:411    .text.cdc_acm_req_handler:0000000000000094 .L0 
C:\Users\SEBAST~1\AppData\Local\Temp\ccYar430.s:412    .text.cdc_acm_req_handler:0000000000000094 .L0 
C:\Users\SEBAST~1\AppData\Local\Temp\ccYar430.s:413    .text.cdc_acm_req_handler:0000000000000094 .L0 
C:\Users\SEBAST~1\AppData\Local\Temp\ccYar430.s:415    .text.cdc_acm_req_handler:0000000000000098 .L0 
C:\Users\SEBAST~1\AppData\Local\Temp\ccYar430.s:417    .text.cdc_acm_req_handler:000000000000009c .L0 
C:\Users\SEBAST~1\AppData\Local\Temp\ccYar430.s:418    .text.cdc_acm_req_handler:000000000000009c .L0 
C:\Users\SEBAST~1\AppData\Local\Temp\ccYar430.s:420    .text.cdc_acm_req_handler:00000000000000a0 .L0 
C:\Users\SEBAST~1\AppData\Local\Temp\ccYar430.s:422    .text.cdc_acm_req_handler:00000000000000a4 .L0 
C:\Users\SEBAST~1\AppData\Local\Temp\ccYar430.s:424    .text.cdc_acm_req_handler:00000000000000a8 .L0 
C:\Users\SEBAST~1\AppData\Local\Temp\ccYar430.s:425    .text.cdc_acm_req_handler:00000000000000a8 .L0 
C:\Users\SEBAST~1\AppData\Local\Temp\ccYar430.s:427    .text.cdc_acm_req_handler:00000000000000ac .L0 
C:\Users\SEBAST~1\AppData\Local\Temp\ccYar430.s:428    .text.cdc_acm_req_handler:00000000000000ac .L0 
C:\Users\SEBAST~1\AppData\Local\Temp\ccYar430.s:429    .text.cdc_acm_req_handler:00000000000000ac .L0 
C:\Users\SEBAST~1\AppData\Local\Temp\ccYar430.s:435    .text.cdc_acm_req_handler:00000000000000bc .L0 
C:\Users\SEBAST~1\AppData\Local\Temp\ccYar430.s:441    .text.cdc_acm_req_handler:00000000000000be .L0 
GAS LISTING C:\Users\SEBAST~1\AppData\Local\Temp\ccYar430.s 			page 29


C:\Users\SEBAST~1\AppData\Local\Temp\ccYar430.s:442    .text.cdc_acm_req_handler:00000000000000be .L0 
C:\Users\SEBAST~1\AppData\Local\Temp\ccYar430.s:449    .text.cdc_acm_req_handler:00000000000000d2 .L0 
C:\Users\SEBAST~1\AppData\Local\Temp\ccYar430.s:450    .text.cdc_acm_req_handler:00000000000000d4 .L0 
C:\Users\SEBAST~1\AppData\Local\Temp\ccYar430.s:457    .text.cdc_acm_data_receive:0000000000000000 cdc_acm_data_receive
C:\Users\SEBAST~1\AppData\Local\Temp\ccYar430.s:460    .text.cdc_acm_data_receive:0000000000000000 .L0 
C:\Users\SEBAST~1\AppData\Local\Temp\ccYar430.s:462    .text.cdc_acm_data_receive:0000000000000000 .L0 
C:\Users\SEBAST~1\AppData\Local\Temp\ccYar430.s:463    .text.cdc_acm_data_receive:0000000000000000 .L0 
C:\Users\SEBAST~1\AppData\Local\Temp\ccYar430.s:464    .text.cdc_acm_data_receive:0000000000000000 .L0 
C:\Users\SEBAST~1\AppData\Local\Temp\ccYar430.s:466    .text.cdc_acm_data_receive:0000000000000004 .L0 
C:\Users\SEBAST~1\AppData\Local\Temp\ccYar430.s:468    .text.cdc_acm_data_receive:0000000000000008 .L0 
C:\Users\SEBAST~1\AppData\Local\Temp\ccYar430.s:472    .text.cdc_acm_data_receive:0000000000000012 .L0 
C:\Users\SEBAST~1\AppData\Local\Temp\ccYar430.s:474    .text.cdc_acm_data_receive:0000000000000016 .L0 
C:\Users\SEBAST~1\AppData\Local\Temp\ccYar430.s:476    .text.cdc_acm_data_receive:000000000000001e .L0 
C:\Users\SEBAST~1\AppData\Local\Temp\ccYar430.s:483    .text.cdc_acm_data_send:0000000000000000 cdc_acm_data_send
C:\Users\SEBAST~1\AppData\Local\Temp\ccYar430.s:486    .text.cdc_acm_data_send:0000000000000000 .L0 
C:\Users\SEBAST~1\AppData\Local\Temp\ccYar430.s:488    .text.cdc_acm_data_send:0000000000000000 .L0 
C:\Users\SEBAST~1\AppData\Local\Temp\ccYar430.s:489    .text.cdc_acm_data_send:0000000000000000 .L0 
C:\Users\SEBAST~1\AppData\Local\Temp\ccYar430.s:490    .text.cdc_acm_data_send:0000000000000000 .L0 
C:\Users\SEBAST~1\AppData\Local\Temp\ccYar430.s:493    .text.cdc_acm_data_send:0000000000000008 .L0 
C:\Users\SEBAST~1\AppData\Local\Temp\ccYar430.s:494    .text.cdc_acm_data_send:0000000000000008 .L0 
C:\Users\SEBAST~1\AppData\Local\Temp\ccYar430.s:497    .text.cdc_acm_data_send:0000000000000010 .L0 
C:\Users\SEBAST~1\AppData\Local\Temp\ccYar430.s:499    .text.cdc_acm_data_send:0000000000000014 .L0 
C:\Users\SEBAST~1\AppData\Local\Temp\ccYar430.s:504    .text.cdc_acm_data_send:000000000000001e .L0 
C:\Users\SEBAST~1\AppData\Local\Temp\ccYar430.s:506    .text.cdc_acm_data_send:0000000000000022 .L0 
C:\Users\SEBAST~1\AppData\Local\Temp\ccYar430.s:510    .text.cdc_acm_data_send:000000000000002a .L0 
C:\Users\SEBAST~1\AppData\Local\Temp\ccYar430.s:511    .text.cdc_acm_data_send:000000000000002c .L0 
C:\Users\SEBAST~1\AppData\Local\Temp\ccYar430.s:521    .text.cdc_acm_EP0_RxReady:0000000000000000 .L0 
C:\Users\SEBAST~1\AppData\Local\Temp\ccYar430.s:523    .text.cdc_acm_EP0_RxReady:0000000000000000 .L0 
C:\Users\SEBAST~1\AppData\Local\Temp\ccYar430.s:524    .text.cdc_acm_EP0_RxReady:0000000000000000 .L0 
C:\Users\SEBAST~1\AppData\Local\Temp\ccYar430.s:525    .text.cdc_acm_EP0_RxReady:0000000000000000 .L0 
C:\Users\SEBAST~1\AppData\Local\Temp\ccYar430.s:528    .text.cdc_acm_EP0_RxReady:0000000000000008 .L0 
C:\Users\SEBAST~1\AppData\Local\Temp\ccYar430.s:536    .text.cdc_acm_EP0_RxReady:0000000000000012 .L0 
C:\Users\SEBAST~1\AppData\Local\Temp\ccYar430.s:537    .text.cdc_acm_EP0_RxReady:0000000000000012 .L0 
C:\Users\SEBAST~1\AppData\Local\Temp\ccYar430.s:546    .text.cdc_acm_EP0_RxReady:000000000000002e .L0 
C:\Users\SEBAST~1\AppData\Local\Temp\ccYar430.s:548    .text.cdc_acm_EP0_RxReady:0000000000000030 .L0 
C:\Users\SEBAST~1\AppData\Local\Temp\ccYar430.s:552    .text.cdc_acm_EP0_RxReady:0000000000000038 .L0 
C:\Users\SEBAST~1\AppData\Local\Temp\ccYar430.s:554    .text.cdc_acm_EP0_RxReady:000000000000003c .L0 
C:\Users\SEBAST~1\AppData\Local\Temp\ccYar430.s:558    .text.cdc_acm_EP0_RxReady:0000000000000042 .L0 
C:\Users\SEBAST~1\AppData\Local\Temp\ccYar430.s:559    .text.cdc_acm_EP0_RxReady:0000000000000042 .L0 
C:\Users\SEBAST~1\AppData\Local\Temp\ccYar430.s:562    .text.cdc_acm_EP0_RxReady:000000000000004a .L0 
C:\Users\SEBAST~1\AppData\Local\Temp\ccYar430.s:563    .text.cdc_acm_EP0_RxReady:000000000000004a .L0 
C:\Users\SEBAST~1\AppData\Local\Temp\ccYar430.s:565    .text.cdc_acm_EP0_RxReady:000000000000004e .L0 
C:\Users\SEBAST~1\AppData\Local\Temp\ccYar430.s:567    .text.cdc_acm_EP0_RxReady:0000000000000052 .L0 
C:\Users\SEBAST~1\AppData\Local\Temp\ccYar430.s:569    .text.cdc_acm_EP0_RxReady:0000000000000056 .L0 
C:\Users\SEBAST~1\AppData\Local\Temp\ccYar430.s:570    .text.cdc_acm_EP0_RxReady:0000000000000056 .L0 
C:\Users\SEBAST~1\AppData\Local\Temp\ccYar430.s:576    .text.cdc_acm_EP0_RxReady:000000000000005a .L0 
C:\Users\SEBAST~1\AppData\Local\Temp\ccYar430.s:577    .text.cdc_acm_EP0_RxReady:000000000000005a .L0 
C:\Users\SEBAST~1\AppData\Local\Temp\ccYar430.s:578    .text.cdc_acm_EP0_RxReady:000000000000005a .L0 
C:\Users\SEBAST~1\AppData\Local\Temp\ccYar430.s:580    .text.cdc_acm_EP0_RxReady:000000000000005e .L0 
C:\Users\SEBAST~1\AppData\Local\Temp\ccYar430.s:587    .text.cdc_acm_set_custom_cb:0000000000000000 cdc_acm_set_custom_cb
C:\Users\SEBAST~1\AppData\Local\Temp\ccYar430.s:590    .text.cdc_acm_set_custom_cb:0000000000000000 .L0 
C:\Users\SEBAST~1\AppData\Local\Temp\ccYar430.s:592    .text.cdc_acm_set_custom_cb:0000000000000000 .L0 
C:\Users\SEBAST~1\AppData\Local\Temp\ccYar430.s:593    .text.cdc_acm_set_custom_cb:0000000000000000 .L0 
C:\Users\SEBAST~1\AppData\Local\Temp\ccYar430.s:594    .text.cdc_acm_set_custom_cb:0000000000000000 .L0 
C:\Users\SEBAST~1\AppData\Local\Temp\ccYar430.s:597    .text.cdc_acm_set_custom_cb:0000000000000008 .L0 
C:\Users\SEBAST~1\AppData\Local\Temp\ccYar430.s:598    .text.cdc_acm_set_custom_cb:000000000000000a .L0 
C:\Users\SEBAST~1\AppData\Local\Temp\ccYar430.s:605    .text.cdc_acm_get_line_state:0000000000000000 cdc_acm_get_line_state
GAS LISTING C:\Users\SEBAST~1\AppData\Local\Temp\ccYar430.s 			page 30


C:\Users\SEBAST~1\AppData\Local\Temp\ccYar430.s:608    .text.cdc_acm_get_line_state:0000000000000000 .L0 
C:\Users\SEBAST~1\AppData\Local\Temp\ccYar430.s:609    .text.cdc_acm_get_line_state:0000000000000000 .L0 
C:\Users\SEBAST~1\AppData\Local\Temp\ccYar430.s:610    .text.cdc_acm_get_line_state:0000000000000000 .L0 
C:\Users\SEBAST~1\AppData\Local\Temp\ccYar430.s:611    .text.cdc_acm_get_line_state:0000000000000000 .L0 
C:\Users\SEBAST~1\AppData\Local\Temp\ccYar430.s:614    .text.cdc_acm_get_line_state:000000000000000a .L0 
C:\Users\SEBAST~1\AppData\Local\Temp\ccYar430.s:690    .data.usbd_cdc_cb:0000000000000000 usbd_cdc_cb
C:\Users\SEBAST~1\AppData\Local\Temp\ccYar430.s:620    .data.configuration_descriptor:0000000000000000 .LANCHOR0
C:\Users\SEBAST~1\AppData\Local\Temp\ccYar430.s:704    .rodata.__compound_literal.0:0000000000000000 __compound_literal.0
C:\Users\SEBAST~1\AppData\Local\Temp\ccYar430.s:723    .rodata.__compound_literal.1:0000000000000000 __compound_literal.1
C:\Users\SEBAST~1\AppData\Local\Temp\ccYar430.s:759    .rodata.__compound_literal.2:0000000000000000 __compound_literal.2
C:\Users\SEBAST~1\AppData\Local\Temp\ccYar430.s:816    .sbss.receive_length:0000000000000000 .LANCHOR2
C:\Users\SEBAST~1\AppData\Local\Temp\ccYar430.s:823    .sbss.rx_custom_cb:0000000000000000 .LANCHOR3
C:\Users\SEBAST~1\AppData\Local\Temp\ccYar430.s:830    .sbss.usb_serial_connected:0000000000000000 .LANCHOR7
C:\Users\SEBAST~1\AppData\Local\Temp\ccYar430.s:833    .sbss.usb_serial_connected:0000000000000000 usb_serial_connected
C:\Users\SEBAST~1\AppData\Local\Temp\ccYar430.s:837    .sdata.cdc_cmd:0000000000000000 .LANCHOR5
C:\Users\SEBAST~1\AppData\Local\Temp\ccYar430.s:840    .sdata.cdc_cmd:0000000000000000 cdc_cmd
C:\Users\SEBAST~1\AppData\Local\Temp\ccYar430.s:844    .sdata.linecoding:0000000000000000 .LANCHOR6
C:\Users\SEBAST~1\AppData\Local\Temp\ccYar430.s:854    .sdata.packet_receive:0000000000000000 .LANCHOR1
C:\Users\SEBAST~1\AppData\Local\Temp\ccYar430.s:860    .sdata.packet_sent:0000000000000000 .LANCHOR4
C:\Users\SEBAST~1\AppData\Local\Temp\ccYar430.s:79     .text.cdc_acm_init:0000000000000046 .L0 
C:\Users\SEBAST~1\AppData\Local\Temp\ccYar430.s:131    .text.cdc_acm_deinit:0000000000000038 .L0 
C:\Users\SEBAST~1\AppData\Local\Temp\ccYar430.s:207    .text.cdc_acm_data_out_handler:000000000000004c .L0 
C:\Users\SEBAST~1\AppData\Local\Temp\ccYar430.s:297    .text.cdc_acm_data_in_handler:0000000000000040 .L0 
C:\Users\SEBAST~1\AppData\Local\Temp\ccYar430.s:453    .text.cdc_acm_req_handler:00000000000000d4 .L0 
C:\Users\SEBAST~1\AppData\Local\Temp\ccYar430.s:479    .text.cdc_acm_data_receive:000000000000001e .L0 
C:\Users\SEBAST~1\AppData\Local\Temp\ccYar430.s:514    .text.cdc_acm_data_send:000000000000002c .L0 
C:\Users\SEBAST~1\AppData\Local\Temp\ccYar430.s:583    .text.cdc_acm_EP0_RxReady:000000000000005e .L0 
C:\Users\SEBAST~1\AppData\Local\Temp\ccYar430.s:601    .text.cdc_acm_set_custom_cb:000000000000000a .L0 
C:\Users\SEBAST~1\AppData\Local\Temp\ccYar430.s:618    .text.cdc_acm_get_line_state:000000000000000a .L0 
                     .debug_frame:0000000000000000 .L0 
C:\Users\SEBAST~1\AppData\Local\Temp\ccYar430.s:165    .text.cdc_acm_data_out_handler:0000000000000018 .L6
C:\Users\SEBAST~1\AppData\Local\Temp\ccYar430.s:154    .text.cdc_acm_data_out_handler:0000000000000010 .L7
C:\Users\SEBAST~1\AppData\Local\Temp\ccYar430.s:286    .text.cdc_acm_data_in_handler:000000000000003c .L14
C:\Users\SEBAST~1\AppData\Local\Temp\ccYar430.s:274    .text.cdc_acm_data_in_handler:000000000000002e .L13
C:\Users\SEBAST~1\AppData\Local\Temp\ccYar430.s:380    .text.cdc_acm_req_handler:0000000000000064 .L23
C:\Users\SEBAST~1\AppData\Local\Temp\ccYar430.s:322    .text.cdc_acm_req_handler:000000000000001c .L24
C:\Users\SEBAST~1\AppData\Local\Temp\ccYar430.s:368    .text.cdc_acm_req_handler:000000000000004e .L25
C:\Users\SEBAST~1\AppData\Local\Temp\ccYar430.s:437    .text.cdc_acm_req_handler:00000000000000be .L27
C:\Users\SEBAST~1\AppData\Local\Temp\ccYar430.s:315    .text.cdc_acm_req_handler:0000000000000018 .L30
C:\Users\SEBAST~1\AppData\Local\Temp\ccYar430.s:508    .text.cdc_acm_data_send:000000000000002a .L33
C:\Users\SEBAST~1\AppData\Local\Temp\ccYar430.s:573    .text.cdc_acm_EP0_RxReady:000000000000005a .L36
C:\Users\SEBAST~1\AppData\Local\Temp\ccYar430.s:5722   .debug_abbrev:0000000000000000 .Ldebug_abbrev0
C:\Users\SEBAST~1\AppData\Local\Temp\ccYar430.s:7351   .debug_str:000000000000020e .LASF398
C:\Users\SEBAST~1\AppData\Local\Temp\ccYar430.s:7533   .debug_str:000000000000070f .LASF399
C:\Users\SEBAST~1\AppData\Local\Temp\ccYar430.s:7993   .debug_str:000000000000115a .LASF400
C:\Users\SEBAST~1\AppData\Local\Temp\ccYar430.s:7223   .debug_ranges:0000000000000000 .Ldebug_ranges0
C:\Users\SEBAST~1\AppData\Local\Temp\ccYar430.s:7265   .debug_line:0000000000000000 .Ldebug_line0
C:\Users\SEBAST~1\AppData\Local\Temp\ccYar430.s:7719   .debug_str:0000000000000b62 .LASF0
C:\Users\SEBAST~1\AppData\Local\Temp\ccYar430.s:7455   .debug_str:0000000000000514 .LASF1
C:\Users\SEBAST~1\AppData\Local\Temp\ccYar430.s:7373   .debug_str:00000000000002fe .LASF4
C:\Users\SEBAST~1\AppData\Local\Temp\ccYar430.s:7467   .debug_str:0000000000000574 .LASF2
C:\Users\SEBAST~1\AppData\Local\Temp\ccYar430.s:7931   .debug_str:0000000000000ff8 .LASF3
C:\Users\SEBAST~1\AppData\Local\Temp\ccYar430.s:7529   .debug_str:00000000000006f3 .LASF5
C:\Users\SEBAST~1\AppData\Local\Temp\ccYar430.s:8023   .debug_str:0000000000001239 .LASF6
C:\Users\SEBAST~1\AppData\Local\Temp\ccYar430.s:7401   .debug_str:00000000000003a0 .LASF7
C:\Users\SEBAST~1\AppData\Local\Temp\ccYar430.s:7667   .debug_str:0000000000000a41 .LASF8
C:\Users\SEBAST~1\AppData\Local\Temp\ccYar430.s:7611   .debug_str:00000000000008fd .LASF9
GAS LISTING C:\Users\SEBAST~1\AppData\Local\Temp\ccYar430.s 			page 31


C:\Users\SEBAST~1\AppData\Local\Temp\ccYar430.s:7671   .debug_str:0000000000000a57 .LASF10
C:\Users\SEBAST~1\AppData\Local\Temp\ccYar430.s:7823   .debug_str:0000000000000dba .LASF11
C:\Users\SEBAST~1\AppData\Local\Temp\ccYar430.s:7457   .debug_str:0000000000000520 .LASF12
C:\Users\SEBAST~1\AppData\Local\Temp\ccYar430.s:7831   .debug_str:0000000000000dee .LASF13
C:\Users\SEBAST~1\AppData\Local\Temp\ccYar430.s:7999   .debug_str:00000000000011c0 .LASF14
C:\Users\SEBAST~1\AppData\Local\Temp\ccYar430.s:7625   .debug_str:000000000000095e .LASF88
C:\Users\SEBAST~1\AppData\Local\Temp\ccYar430.s:8071   .debug_str:0000000000001352 .LASF15
C:\Users\SEBAST~1\AppData\Local\Temp\ccYar430.s:7785   .debug_str:0000000000000cf8 .LASF16
C:\Users\SEBAST~1\AppData\Local\Temp\ccYar430.s:7475   .debug_str:00000000000005a3 .LASF17
C:\Users\SEBAST~1\AppData\Local\Temp\ccYar430.s:7673   .debug_str:0000000000000a65 .LASF18
C:\Users\SEBAST~1\AppData\Local\Temp\ccYar430.s:7549   .debug_str:0000000000000798 .LASF19
C:\Users\SEBAST~1\AppData\Local\Temp\ccYar430.s:7913   .debug_str:0000000000000f98 .LASF20
C:\Users\SEBAST~1\AppData\Local\Temp\ccYar430.s:7567   .debug_str:00000000000007f8 .LASF21
C:\Users\SEBAST~1\AppData\Local\Temp\ccYar430.s:8037   .debug_str:0000000000001293 .LASF22
C:\Users\SEBAST~1\AppData\Local\Temp\ccYar430.s:7933   .debug_str:0000000000001002 .LASF23
C:\Users\SEBAST~1\AppData\Local\Temp\ccYar430.s:8045   .debug_str:00000000000012bd .LASF24
C:\Users\SEBAST~1\AppData\Local\Temp\ccYar430.s:8043   .debug_str:00000000000012b5 .LASF25
C:\Users\SEBAST~1\AppData\Local\Temp\ccYar430.s:7903   .debug_str:0000000000000f6c .LASF26
C:\Users\SEBAST~1\AppData\Local\Temp\ccYar430.s:8041   .debug_str:00000000000012a1 .LASF27
C:\Users\SEBAST~1\AppData\Local\Temp\ccYar430.s:8011   .debug_str:0000000000001202 .LASF28
C:\Users\SEBAST~1\AppData\Local\Temp\ccYar430.s:7555   .debug_str:00000000000007b7 .LASF29
C:\Users\SEBAST~1\AppData\Local\Temp\ccYar430.s:7487   .debug_str:00000000000005d4 .LASF30
C:\Users\SEBAST~1\AppData\Local\Temp\ccYar430.s:7579   .debug_str:0000000000000831 .LASF31
C:\Users\SEBAST~1\AppData\Local\Temp\ccYar430.s:8039   .debug_str:0000000000001299 .LASF32
C:\Users\SEBAST~1\AppData\Local\Temp\ccYar430.s:7363   .debug_str:00000000000002c8 .LASF33
C:\Users\SEBAST~1\AppData\Local\Temp\ccYar430.s:8033   .debug_str:000000000000127b .LASF34
C:\Users\SEBAST~1\AppData\Local\Temp\ccYar430.s:7849   .debug_str:0000000000000e46 .LASF35
C:\Users\SEBAST~1\AppData\Local\Temp\ccYar430.s:7451   .debug_str:0000000000000500 .LASF36
C:\Users\SEBAST~1\AppData\Local\Temp\ccYar430.s:7797   .debug_str:0000000000000d33 .LASF37
C:\Users\SEBAST~1\AppData\Local\Temp\ccYar430.s:8003   .debug_str:00000000000011db .LASF38
C:\Users\SEBAST~1\AppData\Local\Temp\ccYar430.s:7895   .debug_str:0000000000000f46 .LASF39
C:\Users\SEBAST~1\AppData\Local\Temp\ccYar430.s:8031   .debug_str:0000000000001271 .LASF40
C:\Users\SEBAST~1\AppData\Local\Temp\ccYar430.s:8055   .debug_str:00000000000012fa .LASF41
C:\Users\SEBAST~1\AppData\Local\Temp\ccYar430.s:7601   .debug_str:00000000000008bc .LASF42
C:\Users\SEBAST~1\AppData\Local\Temp\ccYar430.s:7547   .debug_str:000000000000078f .LASF43
C:\Users\SEBAST~1\AppData\Local\Temp\ccYar430.s:8019   .debug_str:0000000000001227 .LASF44
C:\Users\SEBAST~1\AppData\Local\Temp\ccYar430.s:7907   .debug_str:0000000000000f7d .LASF45
C:\Users\SEBAST~1\AppData\Local\Temp\ccYar430.s:7847   .debug_str:0000000000000e3f .LASF46
C:\Users\SEBAST~1\AppData\Local\Temp\ccYar430.s:7429   .debug_str:000000000000044c .LASF47
C:\Users\SEBAST~1\AppData\Local\Temp\ccYar430.s:7735   .debug_str:0000000000000bd3 .LASF48
C:\Users\SEBAST~1\AppData\Local\Temp\ccYar430.s:7477   .debug_str:00000000000005aa .LASF49
C:\Users\SEBAST~1\AppData\Local\Temp\ccYar430.s:7481   .debug_str:00000000000005b8 .LASF50
C:\Users\SEBAST~1\AppData\Local\Temp\ccYar430.s:7835   .debug_str:0000000000000e03 .LASF51
C:\Users\SEBAST~1\AppData\Local\Temp\ccYar430.s:7331   .debug_str:000000000000018a .LASF52
C:\Users\SEBAST~1\AppData\Local\Temp\ccYar430.s:7503   .debug_str:000000000000063f .LASF53
C:\Users\SEBAST~1\AppData\Local\Temp\ccYar430.s:7649   .debug_str:00000000000009ea .LASF54
C:\Users\SEBAST~1\AppData\Local\Temp\ccYar430.s:7527   .debug_str:00000000000006e9 .LASF55
C:\Users\SEBAST~1\AppData\Local\Temp\ccYar430.s:8057   .debug_str:0000000000001301 .LASF56
C:\Users\SEBAST~1\AppData\Local\Temp\ccYar430.s:7315   .debug_str:0000000000000146 .LASF57
C:\Users\SEBAST~1\AppData\Local\Temp\ccYar430.s:7541   .debug_str:0000000000000772 .LASF58
C:\Users\SEBAST~1\AppData\Local\Temp\ccYar430.s:7543   .debug_str:000000000000077d .LASF59
C:\Users\SEBAST~1\AppData\Local\Temp\ccYar430.s:7953   .debug_str:000000000000105f .LASF60
C:\Users\SEBAST~1\AppData\Local\Temp\ccYar430.s:7485   .debug_str:00000000000005cc .LASF61
C:\Users\SEBAST~1\AppData\Local\Temp\ccYar430.s:7395   .debug_str:0000000000000380 .LASF62
C:\Users\SEBAST~1\AppData\Local\Temp\ccYar430.s:7289   .debug_str:0000000000000090 .LASF63
C:\Users\SEBAST~1\AppData\Local\Temp\ccYar430.s:7845   .debug_str:0000000000000e37 .LASF64
C:\Users\SEBAST~1\AppData\Local\Temp\ccYar430.s:7397   .debug_str:0000000000000388 .LASF65
GAS LISTING C:\Users\SEBAST~1\AppData\Local\Temp\ccYar430.s 			page 32


C:\Users\SEBAST~1\AppData\Local\Temp\ccYar430.s:7801   .debug_str:0000000000000d45 .LASF66
C:\Users\SEBAST~1\AppData\Local\Temp\ccYar430.s:7587   .debug_str:000000000000085f .LASF67
C:\Users\SEBAST~1\AppData\Local\Temp\ccYar430.s:8069   .debug_str:0000000000001347 .LASF68
C:\Users\SEBAST~1\AppData\Local\Temp\ccYar430.s:7947   .debug_str:0000000000001048 .LASF69
C:\Users\SEBAST~1\AppData\Local\Temp\ccYar430.s:7957   .debug_str:0000000000001085 .LASF70
C:\Users\SEBAST~1\AppData\Local\Temp\ccYar430.s:7497   .debug_str:0000000000000616 .LASF71
C:\Users\SEBAST~1\AppData\Local\Temp\ccYar430.s:7309   .debug_str:000000000000010f .LASF72
C:\Users\SEBAST~1\AppData\Local\Temp\ccYar430.s:7433   .debug_str:0000000000000468 .LASF73
C:\Users\SEBAST~1\AppData\Local\Temp\ccYar430.s:7471   .debug_str:0000000000000590 .LASF74
C:\Users\SEBAST~1\AppData\Local\Temp\ccYar430.s:7775   .debug_str:0000000000000cc0 .LASF75
C:\Users\SEBAST~1\AppData\Local\Temp\ccYar430.s:7643   .debug_str:00000000000009ce .LASF76
C:\Users\SEBAST~1\AppData\Local\Temp\ccYar430.s:7445   .debug_str:00000000000004c8 .LASF77
C:\Users\SEBAST~1\AppData\Local\Temp\ccYar430.s:7551   .debug_str:000000000000079f .LASF78
C:\Users\SEBAST~1\AppData\Local\Temp\ccYar430.s:7693   .debug_str:0000000000000ad5 .LASF79
C:\Users\SEBAST~1\AppData\Local\Temp\ccYar430.s:7935   .debug_str:0000000000001009 .LASF80
C:\Users\SEBAST~1\AppData\Local\Temp\ccYar430.s:7415   .debug_str:00000000000003df .LASF81
C:\Users\SEBAST~1\AppData\Local\Temp\ccYar430.s:7563   .debug_str:00000000000007e6 .LASF99
C:\Users\SEBAST~1\AppData\Local\Temp\ccYar430.s:7405   .debug_str:00000000000003b5 .LASF82
C:\Users\SEBAST~1\AppData\Local\Temp\ccYar430.s:7915   .debug_str:0000000000000f9f .LASF83
C:\Users\SEBAST~1\AppData\Local\Temp\ccYar430.s:7909   .debug_str:0000000000000f86 .LASF84
C:\Users\SEBAST~1\AppData\Local\Temp\ccYar430.s:7633   .debug_str:0000000000000996 .LASF85
C:\Users\SEBAST~1\AppData\Local\Temp\ccYar430.s:7365   .debug_str:00000000000002d2 .LASF86
C:\Users\SEBAST~1\AppData\Local\Temp\ccYar430.s:7805   .debug_str:0000000000000d56 .LASF87
C:\Users\SEBAST~1\AppData\Local\Temp\ccYar430.s:7905   .debug_str:0000000000000f73 .LASF89
C:\Users\SEBAST~1\AppData\Local\Temp\ccYar430.s:8013   .debug_str:000000000000120d .LASF325
C:\Users\SEBAST~1\AppData\Local\Temp\ccYar430.s:7815   .debug_str:0000000000000d8b .LASF90
C:\Users\SEBAST~1\AppData\Local\Temp\ccYar430.s:7521   .debug_str:00000000000006b7 .LASF91
C:\Users\SEBAST~1\AppData\Local\Temp\ccYar430.s:7441   .debug_str:000000000000049f .LASF92
C:\Users\SEBAST~1\AppData\Local\Temp\ccYar430.s:7431   .debug_str:0000000000000457 .LASF93
C:\Users\SEBAST~1\AppData\Local\Temp\ccYar430.s:7597   .debug_str:000000000000089d .LASF94
C:\Users\SEBAST~1\AppData\Local\Temp\ccYar430.s:7889   .debug_str:0000000000000f1e .LASF95
C:\Users\SEBAST~1\AppData\Local\Temp\ccYar430.s:7955   .debug_str:0000000000001067 .LASF96
C:\Users\SEBAST~1\AppData\Local\Temp\ccYar430.s:7391   .debug_str:0000000000000359 .LASF97
C:\Users\SEBAST~1\AppData\Local\Temp\ccYar430.s:7763   .debug_str:0000000000000c5f .LASF98
C:\Users\SEBAST~1\AppData\Local\Temp\ccYar430.s:7571   .debug_str:0000000000000805 .LASF100
C:\Users\SEBAST~1\AppData\Local\Temp\ccYar430.s:7469   .debug_str:0000000000000582 .LASF101
C:\Users\SEBAST~1\AppData\Local\Temp\ccYar430.s:7759   .debug_str:0000000000000c4f .LASF102
C:\Users\SEBAST~1\AppData\Local\Temp\ccYar430.s:7479   .debug_str:00000000000005b1 .LASF103
C:\Users\SEBAST~1\AppData\Local\Temp\ccYar430.s:7827   .debug_str:0000000000000ddf .LASF104
C:\Users\SEBAST~1\AppData\Local\Temp\ccYar430.s:7327   .debug_str:0000000000000178 .LASF105
C:\Users\SEBAST~1\AppData\Local\Temp\ccYar430.s:7653   .debug_str:00000000000009fc .LASF106
C:\Users\SEBAST~1\AppData\Local\Temp\ccYar430.s:7375   .debug_str:0000000000000308 .LASF107
C:\Users\SEBAST~1\AppData\Local\Temp\ccYar430.s:7821   .debug_str:0000000000000db2 .LASF108
C:\Users\SEBAST~1\AppData\Local\Temp\ccYar430.s:7595   .debug_str:000000000000088d .LASF109
C:\Users\SEBAST~1\AppData\Local\Temp\ccYar430.s:7537   .debug_str:000000000000074e .LASF110
C:\Users\SEBAST~1\AppData\Local\Temp\ccYar430.s:7851   .debug_str:0000000000000e4b .LASF111
C:\Users\SEBAST~1\AppData\Local\Temp\ccYar430.s:7499   .debug_str:0000000000000621 .LASF112
C:\Users\SEBAST~1\AppData\Local\Temp\ccYar430.s:7361   .debug_str:00000000000002c1 .LASF113
C:\Users\SEBAST~1\AppData\Local\Temp\ccYar430.s:7911   .debug_str:0000000000000f8b .LASF114
C:\Users\SEBAST~1\AppData\Local\Temp\ccYar430.s:7303   .debug_str:00000000000000ea .LASF115
C:\Users\SEBAST~1\AppData\Local\Temp\ccYar430.s:7393   .debug_str:0000000000000370 .LASF116
C:\Users\SEBAST~1\AppData\Local\Temp\ccYar430.s:7615   .debug_str:0000000000000925 .LASF117
C:\Users\SEBAST~1\AppData\Local\Temp\ccYar430.s:7861   .debug_str:0000000000000e89 .LASF118
C:\Users\SEBAST~1\AppData\Local\Temp\ccYar430.s:7853   .debug_str:0000000000000e59 .LASF119
C:\Users\SEBAST~1\AppData\Local\Temp\ccYar430.s:7465   .debug_str:000000000000056a .LASF120
C:\Users\SEBAST~1\AppData\Local\Temp\ccYar430.s:7703   .debug_str:0000000000000b06 .LASF121
C:\Users\SEBAST~1\AppData\Local\Temp\ccYar430.s:7267   .debug_str:0000000000000000 .LASF122
GAS LISTING C:\Users\SEBAST~1\AppData\Local\Temp\ccYar430.s 			page 33


C:\Users\SEBAST~1\AppData\Local\Temp\ccYar430.s:7617   .debug_str:0000000000000935 .LASF123
C:\Users\SEBAST~1\AppData\Local\Temp\ccYar430.s:7613   .debug_str:000000000000090f .LASF124
C:\Users\SEBAST~1\AppData\Local\Temp\ccYar430.s:7683   .debug_str:0000000000000a94 .LASF125
C:\Users\SEBAST~1\AppData\Local\Temp\ccYar430.s:7515   .debug_str:0000000000000697 .LASF126
C:\Users\SEBAST~1\AppData\Local\Temp\ccYar430.s:7791   .debug_str:0000000000000d15 .LASF127
C:\Users\SEBAST~1\AppData\Local\Temp\ccYar430.s:7725   .debug_str:0000000000000b88 .LASF128
C:\Users\SEBAST~1\AppData\Local\Temp\ccYar430.s:7731   .debug_str:0000000000000bb0 .LASF129
C:\Users\SEBAST~1\AppData\Local\Temp\ccYar430.s:7755   .debug_str:0000000000000c35 .LASF130
C:\Users\SEBAST~1\AppData\Local\Temp\ccYar430.s:7661   .debug_str:0000000000000a1f .LASF131
C:\Users\SEBAST~1\AppData\Local\Temp\ccYar430.s:8007   .debug_str:00000000000011ed .LASF132
C:\Users\SEBAST~1\AppData\Local\Temp\ccYar430.s:7637   .debug_str:00000000000009a3 .LASF133
C:\Users\SEBAST~1\AppData\Local\Temp\ccYar430.s:7463   .debug_str:000000000000055c .LASF134
C:\Users\SEBAST~1\AppData\Local\Temp\ccYar430.s:7925   .debug_str:0000000000000fd1 .LASF135
C:\Users\SEBAST~1\AppData\Local\Temp\ccYar430.s:7271   .debug_str:0000000000000015 .LASF136
C:\Users\SEBAST~1\AppData\Local\Temp\ccYar430.s:7629   .debug_str:0000000000000976 .LASF137
C:\Users\SEBAST~1\AppData\Local\Temp\ccYar430.s:7729   .debug_str:0000000000000ba0 .LASF138
C:\Users\SEBAST~1\AppData\Local\Temp\ccYar430.s:7899   .debug_str:0000000000000f54 .LASF139
C:\Users\SEBAST~1\AppData\Local\Temp\ccYar430.s:7447   .debug_str:00000000000004d0 .LASF140
C:\Users\SEBAST~1\AppData\Local\Temp\ccYar430.s:7879   .debug_str:0000000000000ee3 .LASF141
C:\Users\SEBAST~1\AppData\Local\Temp\ccYar430.s:7275   .debug_str:0000000000000035 .LASF142
C:\Users\SEBAST~1\AppData\Local\Temp\ccYar430.s:7971   .debug_str:00000000000010cc .LASF143
C:\Users\SEBAST~1\AppData\Local\Temp\ccYar430.s:7281   .debug_str:0000000000000064 .LASF144
C:\Users\SEBAST~1\AppData\Local\Temp\ccYar430.s:7689   .debug_str:0000000000000ab7 .LASF145
C:\Users\SEBAST~1\AppData\Local\Temp\ccYar430.s:7413   .debug_str:00000000000003d5 .LASF146
C:\Users\SEBAST~1\AppData\Local\Temp\ccYar430.s:7605   .debug_str:00000000000008dc .LASF147
C:\Users\SEBAST~1\AppData\Local\Temp\ccYar430.s:7427   .debug_str:000000000000043b .LASF148
C:\Users\SEBAST~1\AppData\Local\Temp\ccYar430.s:7747   .debug_str:0000000000000c0e .LASF149
C:\Users\SEBAST~1\AppData\Local\Temp\ccYar430.s:7557   .debug_str:00000000000007c2 .LASF150
C:\Users\SEBAST~1\AppData\Local\Temp\ccYar430.s:8021   .debug_str:000000000000122f .LASF151
C:\Users\SEBAST~1\AppData\Local\Temp\ccYar430.s:7645   .debug_str:00000000000009d7 .LASF152
C:\Users\SEBAST~1\AppData\Local\Temp\ccYar430.s:7929   .debug_str:0000000000000fef .LASF153
C:\Users\SEBAST~1\AppData\Local\Temp\ccYar430.s:7425   .debug_str:0000000000000434 .LASF154
C:\Users\SEBAST~1\AppData\Local\Temp\ccYar430.s:7273   .debug_str:0000000000000027 .LASF155
C:\Users\SEBAST~1\AppData\Local\Temp\ccYar430.s:7737   .debug_str:0000000000000bdc .LASF156
C:\Users\SEBAST~1\AppData\Local\Temp\ccYar430.s:7937   .debug_str:0000000000001015 .LASF157
C:\Users\SEBAST~1\AppData\Local\Temp\ccYar430.s:7959   .debug_str:000000000000108d .LASF158
C:\Users\SEBAST~1\AppData\Local\Temp\ccYar430.s:7777   .debug_str:0000000000000ccb .LASF159
C:\Users\SEBAST~1\AppData\Local\Temp\ccYar430.s:7811   .debug_str:0000000000000d73 .LASF160
C:\Users\SEBAST~1\AppData\Local\Temp\ccYar430.s:7873   .debug_str:0000000000000ec0 .LASF161
C:\Users\SEBAST~1\AppData\Local\Temp\ccYar430.s:7321   .debug_str:000000000000015d .LASF162
C:\Users\SEBAST~1\AppData\Local\Temp\ccYar430.s:7919   .debug_str:0000000000000fae .LASF163
C:\Users\SEBAST~1\AppData\Local\Temp\ccYar430.s:7389   .debug_str:0000000000000351 .LASF164
C:\Users\SEBAST~1\AppData\Local\Temp\ccYar430.s:7795   .debug_str:0000000000000d2a .LASF165
C:\Users\SEBAST~1\AppData\Local\Temp\ccYar430.s:7287   .debug_str:0000000000000088 .LASF166
C:\Users\SEBAST~1\AppData\Local\Temp\ccYar430.s:7679   .debug_str:0000000000000a81 .LASF167
C:\Users\SEBAST~1\AppData\Local\Temp\ccYar430.s:7921   .debug_str:0000000000000fb7 .LASF168
C:\Users\SEBAST~1\AppData\Local\Temp\ccYar430.s:8001   .debug_str:00000000000011c9 .LASF169
C:\Users\SEBAST~1\AppData\Local\Temp\ccYar430.s:7371   .debug_str:00000000000002ed .LASF170
C:\Users\SEBAST~1\AppData\Local\Temp\ccYar430.s:7473   .debug_str:000000000000059c .LASF171
C:\Users\SEBAST~1\AppData\Local\Temp\ccYar430.s:7687   .debug_str:0000000000000aaa .LASF172
C:\Users\SEBAST~1\AppData\Local\Temp\ccYar430.s:7767   .debug_str:0000000000000c78 .LASF173
C:\Users\SEBAST~1\AppData\Local\Temp\ccYar430.s:7663   .debug_str:0000000000000a2c .LASF174
C:\Users\SEBAST~1\AppData\Local\Temp\ccYar430.s:7269   .debug_str:0000000000000009 .LASF175
C:\Users\SEBAST~1\AppData\Local\Temp\ccYar430.s:7917   .debug_str:0000000000000fa6 .LASF176
C:\Users\SEBAST~1\AppData\Local\Temp\ccYar430.s:7293   .debug_str:00000000000000a1 .LASF177
C:\Users\SEBAST~1\AppData\Local\Temp\ccYar430.s:7817   .debug_str:0000000000000d9c .LASF178
C:\Users\SEBAST~1\AppData\Local\Temp\ccYar430.s:7509   .debug_str:0000000000000675 .LASF179
GAS LISTING C:\Users\SEBAST~1\AppData\Local\Temp\ccYar430.s 			page 34


C:\Users\SEBAST~1\AppData\Local\Temp\ccYar430.s:7627   .debug_str:000000000000096e .LASF180
C:\Users\SEBAST~1\AppData\Local\Temp\ccYar430.s:7349   .debug_str:0000000000000205 .LASF181
C:\Users\SEBAST~1\AppData\Local\Temp\ccYar430.s:7727   .debug_str:0000000000000b97 .LASF182
C:\Users\SEBAST~1\AppData\Local\Temp\ccYar430.s:8009   .debug_str:00000000000011f7 .LASF183
C:\Users\SEBAST~1\AppData\Local\Temp\ccYar430.s:7495   .debug_str:000000000000060b .LASF184
C:\Users\SEBAST~1\AppData\Local\Temp\ccYar430.s:7341   .debug_str:00000000000001e7 .LASF185
C:\Users\SEBAST~1\AppData\Local\Temp\ccYar430.s:7573   .debug_str:000000000000080e .LASF186
C:\Users\SEBAST~1\AppData\Local\Temp\ccYar430.s:7793   .debug_str:0000000000000d22 .LASF187
C:\Users\SEBAST~1\AppData\Local\Temp\ccYar430.s:8029   .debug_str:0000000000001260 .LASF188
C:\Users\SEBAST~1\AppData\Local\Temp\ccYar430.s:7779   .debug_str:0000000000000cda .LASF189
C:\Users\SEBAST~1\AppData\Local\Temp\ccYar430.s:7883   .debug_str:0000000000000ef3 .LASF190
C:\Users\SEBAST~1\AppData\Local\Temp\ccYar430.s:7829   .debug_str:0000000000000de6 .LASF191
C:\Users\SEBAST~1\AppData\Local\Temp\ccYar430.s:7439   .debug_str:0000000000000495 .LASF192
C:\Users\SEBAST~1\AppData\Local\Temp\ccYar430.s:7901   .debug_str:0000000000000f67 .LASF193
C:\Users\SEBAST~1\AppData\Local\Temp\ccYar430.s:7545   .debug_str:0000000000000788 .LASF194
C:\Users\SEBAST~1\AppData\Local\Temp\ccYar430.s:7377   .debug_str:0000000000000319 .LASF195
C:\Users\SEBAST~1\AppData\Local\Temp\ccYar430.s:7369   .debug_str:00000000000002e5 .LASF196
C:\Users\SEBAST~1\AppData\Local\Temp\ccYar430.s:7493   .debug_str:0000000000000602 .LASF197
C:\Users\SEBAST~1\AppData\Local\Temp\ccYar430.s:7513   .debug_str:0000000000000684 .LASF198
C:\Users\SEBAST~1\AppData\Local\Temp\ccYar430.s:7739   .debug_str:0000000000000be4 .LASF199
C:\Users\SEBAST~1\AppData\Local\Temp\ccYar430.s:7875   .debug_str:0000000000000ec9 .LASF200
C:\Users\SEBAST~1\AppData\Local\Temp\ccYar430.s:7577   .debug_str:0000000000000823 .LASF201
C:\Users\SEBAST~1\AppData\Local\Temp\ccYar430.s:7343   .debug_str:00000000000001f0 .LASF202
C:\Users\SEBAST~1\AppData\Local\Temp\ccYar430.s:7713   .debug_str:0000000000000b42 .LASF203
C:\Users\SEBAST~1\AppData\Local\Temp\ccYar430.s:7723   .debug_str:0000000000000b7d .LASF204
C:\Users\SEBAST~1\AppData\Local\Temp\ccYar430.s:7825   .debug_str:0000000000000dd1 .LASF205
C:\Users\SEBAST~1\AppData\Local\Temp\ccYar430.s:7857   .debug_str:0000000000000e70 .LASF206
C:\Users\SEBAST~1\AppData\Local\Temp\ccYar430.s:7867   .debug_str:0000000000000ea1 .LASF207
C:\Users\SEBAST~1\AppData\Local\Temp\ccYar430.s:7881   .debug_str:0000000000000eee .LASF208
C:\Users\SEBAST~1\AppData\Local\Temp\ccYar430.s:7709   .debug_str:0000000000000b20 .LASF209
C:\Users\SEBAST~1\AppData\Local\Temp\ccYar430.s:7741   .debug_str:0000000000000bf8 .LASF210
C:\Users\SEBAST~1\AppData\Local\Temp\ccYar430.s:7945   .debug_str:000000000000103b .LASF211
C:\Users\SEBAST~1\AppData\Local\Temp\ccYar430.s:7307   .debug_str:0000000000000107 .LASF212
C:\Users\SEBAST~1\AppData\Local\Temp\ccYar430.s:7519   .debug_str:00000000000006ad .LASF213
C:\Users\SEBAST~1\AppData\Local\Temp\ccYar430.s:8025   .debug_str:000000000000124c .LASF214
C:\Users\SEBAST~1\AppData\Local\Temp\ccYar430.s:7891   .debug_str:0000000000000f39 .LASF215
C:\Users\SEBAST~1\AppData\Local\Temp\ccYar430.s:8015   .debug_str:000000000000121b .LASF216
C:\Users\SEBAST~1\AppData\Local\Temp\ccYar430.s:7807   .debug_str:0000000000000d64 .LASF217
C:\Users\SEBAST~1\AppData\Local\Temp\ccYar430.s:7279   .debug_str:000000000000005b .LASF218
C:\Users\SEBAST~1\AppData\Local\Temp\ccYar430.s:7383   .debug_str:0000000000000336 .LASF219
C:\Users\SEBAST~1\AppData\Local\Temp\ccYar430.s:7809   .debug_str:0000000000000d6c .LASF220
C:\Users\SEBAST~1\AppData\Local\Temp\ccYar430.s:7769   .debug_str:0000000000000c82 .LASF221
C:\Users\SEBAST~1\AppData\Local\Temp\ccYar430.s:7285   .debug_str:0000000000000080 .LASF222
C:\Users\SEBAST~1\AppData\Local\Temp\ccYar430.s:7877   .debug_str:0000000000000ed8 .LASF223
C:\Users\SEBAST~1\AppData\Local\Temp\ccYar430.s:7991   .debug_str:0000000000001152 .LASF224
C:\Users\SEBAST~1\AppData\Local\Temp\ccYar430.s:7631   .debug_str:0000000000000984 .LASF225
C:\Users\SEBAST~1\AppData\Local\Temp\ccYar430.s:7865   .debug_str:0000000000000e98 .LASF226
C:\Users\SEBAST~1\AppData\Local\Temp\ccYar430.s:7647   .debug_str:00000000000009e2 .LASF227
C:\Users\SEBAST~1\AppData\Local\Temp\ccYar430.s:7893   .debug_str:0000000000000f40 .LASF228
C:\Users\SEBAST~1\AppData\Local\Temp\ccYar430.s:7651   .debug_str:00000000000009f4 .LASF229
C:\Users\SEBAST~1\AppData\Local\Temp\ccYar430.s:7707   .debug_str:0000000000000b1a .LASF230
C:\Users\SEBAST~1\AppData\Local\Temp\ccYar430.s:7569   .debug_str:0000000000000800 .LASF231
C:\Users\SEBAST~1\AppData\Local\Temp\ccYar430.s:7319   .debug_str:0000000000000158 .LASF232
C:\Users\SEBAST~1\AppData\Local\Temp\ccYar430.s:7325   .debug_str:000000000000016f .LASF233
C:\Users\SEBAST~1\AppData\Local\Temp\ccYar430.s:8063   .debug_str:0000000000001325 .LASF234
C:\Users\SEBAST~1\AppData\Local\Temp\ccYar430.s:8027   .debug_str:0000000000001256 .LASF235
C:\Users\SEBAST~1\AppData\Local\Temp\ccYar430.s:7591   .debug_str:0000000000000872 .LASF236
GAS LISTING C:\Users\SEBAST~1\AppData\Local\Temp\ccYar430.s 			page 35


C:\Users\SEBAST~1\AppData\Local\Temp\ccYar430.s:7435   .debug_str:0000000000000470 .LASF237
C:\Users\SEBAST~1\AppData\Local\Temp\ccYar430.s:7949   .debug_str:000000000000104f .LASF238
C:\Users\SEBAST~1\AppData\Local\Temp\ccYar430.s:7781   .debug_str:0000000000000cdf .LASF239
C:\Users\SEBAST~1\AppData\Local\Temp\ccYar430.s:7789   .debug_str:0000000000000d0b .LASF240
C:\Users\SEBAST~1\AppData\Local\Temp\ccYar430.s:8049   .debug_str:00000000000012cf .LASF241
C:\Users\SEBAST~1\AppData\Local\Temp\ccYar430.s:7381   .debug_str:0000000000000328 .LASF242
C:\Users\SEBAST~1\AppData\Local\Temp\ccYar430.s:7345   .debug_str:00000000000001f7 .LASF243
C:\Users\SEBAST~1\AppData\Local\Temp\ccYar430.s:7833   .debug_str:0000000000000df7 .LASF244
C:\Users\SEBAST~1\AppData\Local\Temp\ccYar430.s:7939   .debug_str:0000000000001020 .LASF245
C:\Users\SEBAST~1\AppData\Local\Temp\ccYar430.s:7975   .debug_str:00000000000010e0 .LASF246
C:\Users\SEBAST~1\AppData\Local\Temp\ccYar430.s:7765   .debug_str:0000000000000c70 .LASF247
C:\Users\SEBAST~1\AppData\Local\Temp\ccYar430.s:7969   .debug_str:00000000000010c7 .LASF248
C:\Users\SEBAST~1\AppData\Local\Temp\ccYar430.s:7517   .debug_str:00000000000006a8 .LASF249
C:\Users\SEBAST~1\AppData\Local\Temp\ccYar430.s:7973   .debug_str:00000000000010d9 .LASF250
C:\Users\SEBAST~1\AppData\Local\Temp\ccYar430.s:7863   .debug_str:0000000000000e92 .LASF251
C:\Users\SEBAST~1\AppData\Local\Temp\ccYar430.s:7411   .debug_str:00000000000003cf .LASF252
C:\Users\SEBAST~1\AppData\Local\Temp\ccYar430.s:7619   .debug_str:0000000000000943 .LASF253
C:\Users\SEBAST~1\AppData\Local\Temp\ccYar430.s:7761   .debug_str:0000000000000c58 .LASF254
C:\Users\SEBAST~1\AppData\Local\Temp\ccYar430.s:7379   .debug_str:0000000000000322 .LASF255
C:\Users\SEBAST~1\AppData\Local\Temp\ccYar430.s:7965   .debug_str:00000000000010b9 .LASF256
C:\Users\SEBAST~1\AppData\Local\Temp\ccYar430.s:7565   .debug_str:00000000000007f0 .LASF257
C:\Users\SEBAST~1\AppData\Local\Temp\ccYar430.s:7295   .debug_str:00000000000000a9 .LASF258
C:\Users\SEBAST~1\AppData\Local\Temp\ccYar430.s:7299   .debug_str:00000000000000d7 .LASF259
C:\Users\SEBAST~1\AppData\Local\Temp\ccYar430.s:7803   .debug_str:0000000000000d50 .LASF260
C:\Users\SEBAST~1\AppData\Local\Temp\ccYar430.s:7787   .debug_str:0000000000000d04 .LASF261
C:\Users\SEBAST~1\AppData\Local\Temp\ccYar430.s:7745   .debug_str:0000000000000c08 .LASF262
C:\Users\SEBAST~1\AppData\Local\Temp\ccYar430.s:7323   .debug_str:0000000000000169 .LASF263
C:\Users\SEBAST~1\AppData\Local\Temp\ccYar430.s:7843   .debug_str:0000000000000e2e .LASF264
C:\Users\SEBAST~1\AppData\Local\Temp\ccYar430.s:7585   .debug_str:0000000000000857 .LASF265
C:\Users\SEBAST~1\AppData\Local\Temp\ccYar430.s:7897   .debug_str:0000000000000f4e .LASF266
C:\Users\SEBAST~1\AppData\Local\Temp\ccYar430.s:7347   .debug_str:00000000000001ff .LASF267
C:\Users\SEBAST~1\AppData\Local\Temp\ccYar430.s:7753   .debug_str:0000000000000c2c .LASF268
C:\Users\SEBAST~1\AppData\Local\Temp\ccYar430.s:7623   .debug_str:0000000000000956 .LASF269
C:\Users\SEBAST~1\AppData\Local\Temp\ccYar430.s:7357   .debug_str:00000000000002a7 .LASF270
C:\Users\SEBAST~1\AppData\Local\Temp\ccYar430.s:7635   .debug_str:000000000000099c .LASF271
C:\Users\SEBAST~1\AppData\Local\Temp\ccYar430.s:7535   .debug_str:0000000000000747 .LASF272
C:\Users\SEBAST~1\AppData\Local\Temp\ccYar430.s:7839   .debug_str:0000000000000e10 .LASF273
C:\Users\SEBAST~1\AppData\Local\Temp\ccYar430.s:7749   .debug_str:0000000000000c16 .LASF274
C:\Users\SEBAST~1\AppData\Local\Temp\ccYar430.s:7967   .debug_str:00000000000010c2 .LASF275
C:\Users\SEBAST~1\AppData\Local\Temp\ccYar430.s:7669   .debug_str:0000000000000a4c .LASF276
C:\Users\SEBAST~1\AppData\Local\Temp\ccYar430.s:8051   .debug_str:00000000000012da .LASF277
C:\Users\SEBAST~1\AppData\Local\Temp\ccYar430.s:7989   .debug_str:000000000000114a .LASF278
C:\Users\SEBAST~1\AppData\Local\Temp\ccYar430.s:7621   .debug_str:000000000000094b .LASF279
C:\Users\SEBAST~1\AppData\Local\Temp\ccYar430.s:7655   .debug_str:0000000000000a04 .LASF280
C:\Users\SEBAST~1\AppData\Local\Temp\ccYar430.s:8005   .debug_str:00000000000011e5 .LASF281
C:\Users\SEBAST~1\AppData\Local\Temp\ccYar430.s:7407   .debug_str:00000000000003bb .LASF282
C:\Users\SEBAST~1\AppData\Local\Temp\ccYar430.s:7609   .debug_str:00000000000008f8 .LASF283
C:\Users\SEBAST~1\AppData\Local\Temp\ccYar430.s:7699   .debug_str:0000000000000af6 .LASF284
C:\Users\SEBAST~1\AppData\Local\Temp\ccYar430.s:7561   .debug_str:00000000000007de .LASF285
C:\Users\SEBAST~1\AppData\Local\Temp\ccYar430.s:7589   .debug_str:000000000000086a .LASF286
C:\Users\SEBAST~1\AppData\Local\Temp\ccYar430.s:7743   .debug_str:0000000000000c03 .LASF287
C:\Users\SEBAST~1\AppData\Local\Temp\ccYar430.s:7659   .debug_str:0000000000000a16 .LASF288
C:\Users\SEBAST~1\AppData\Local\Temp\ccYar430.s:7575   .debug_str:0000000000000819 .LASF289
C:\Users\SEBAST~1\AppData\Local\Temp\ccYar430.s:7681   .debug_str:0000000000000a8c .LASF290
C:\Users\SEBAST~1\AppData\Local\Temp\ccYar430.s:7291   .debug_str:000000000000009c .LASF291
C:\Users\SEBAST~1\AppData\Local\Temp\ccYar430.s:7511   .debug_str:000000000000067f .LASF292
C:\Users\SEBAST~1\AppData\Local\Temp\ccYar430.s:7871   .debug_str:0000000000000eb9 .LASF293
GAS LISTING C:\Users\SEBAST~1\AppData\Local\Temp\ccYar430.s 			page 36


C:\Users\SEBAST~1\AppData\Local\Temp\ccYar430.s:7705   .debug_str:0000000000000b14 .LASF294
C:\Users\SEBAST~1\AppData\Local\Temp\ccYar430.s:7677   .debug_str:0000000000000a7a .LASF295
C:\Users\SEBAST~1\AppData\Local\Temp\ccYar430.s:7701   .debug_str:0000000000000b00 .LASF296
C:\Users\SEBAST~1\AppData\Local\Temp\ccYar430.s:7837   .debug_str:0000000000000e08 .LASF297
C:\Users\SEBAST~1\AppData\Local\Temp\ccYar430.s:7799   .debug_str:0000000000000d3f .LASF298
C:\Users\SEBAST~1\AppData\Local\Temp\ccYar430.s:7353   .debug_str:0000000000000296 .LASF299
C:\Users\SEBAST~1\AppData\Local\Temp\ccYar430.s:8017   .debug_str:0000000000001222 .LASF300
C:\Users\SEBAST~1\AppData\Local\Temp\ccYar430.s:7453   .debug_str:0000000000000507 .LASF301
C:\Users\SEBAST~1\AppData\Local\Temp\ccYar430.s:7855   .debug_str:0000000000000e63 .LASF302
C:\Users\SEBAST~1\AppData\Local\Temp\ccYar430.s:7305   .debug_str:00000000000000fa .LASF303
C:\Users\SEBAST~1\AppData\Local\Temp\ccYar430.s:7423   .debug_str:0000000000000425 .LASF304
C:\Users\SEBAST~1\AppData\Local\Temp\ccYar430.s:7691   .debug_str:0000000000000ac6 .LASF305
C:\Users\SEBAST~1\AppData\Local\Temp\ccYar430.s:7757   .debug_str:0000000000000c44 .LASF306
C:\Users\SEBAST~1\AppData\Local\Temp\ccYar430.s:7885   .debug_str:0000000000000f03 .LASF307
C:\Users\SEBAST~1\AppData\Local\Temp\ccYar430.s:7927   .debug_str:0000000000000fe2 .LASF308
C:\Users\SEBAST~1\AppData\Local\Temp\ccYar430.s:7813   .debug_str:0000000000000d7d .LASF309
C:\Users\SEBAST~1\AppData\Local\Temp\ccYar430.s:7751   .debug_str:0000000000000c1e .LASF310
C:\Users\SEBAST~1\AppData\Local\Temp\ccYar430.s:7329   .debug_str:0000000000000180 .LASF311
C:\Users\SEBAST~1\AppData\Local\Temp\ccYar430.s:7639   .debug_str:00000000000009b3 .LASF312
C:\Users\SEBAST~1\AppData\Local\Temp\ccYar430.s:8067   .debug_str:000000000000133a .LASF313
C:\Users\SEBAST~1\AppData\Local\Temp\ccYar430.s:7399   .debug_str:0000000000000392 .LASF314
C:\Users\SEBAST~1\AppData\Local\Temp\ccYar430.s:7859   .debug_str:0000000000000e7a .LASF315
C:\Users\SEBAST~1\AppData\Local\Temp\ccYar430.s:8035   .debug_str:0000000000001282 .LASF316
C:\Users\SEBAST~1\AppData\Local\Temp\ccYar430.s:7733   .debug_str:0000000000000bc4 .LASF317
C:\Users\SEBAST~1\AppData\Local\Temp\ccYar430.s:7715   .debug_str:0000000000000b4b .LASF318
C:\Users\SEBAST~1\AppData\Local\Temp\ccYar430.s:7523   .debug_str:00000000000006cb .LASF319
C:\Users\SEBAST~1\AppData\Local\Temp\ccYar430.s:7979   .debug_str:00000000000010f5 .LASF320
C:\Users\SEBAST~1\AppData\Local\Temp\ccYar430.s:7685   .debug_str:0000000000000aa1 .LASF321
C:\Users\SEBAST~1\AppData\Local\Temp\ccYar430.s:7317   .debug_str:0000000000000150 .LASF322
C:\Users\SEBAST~1\AppData\Local\Temp\ccYar430.s:7283   .debug_str:0000000000000075 .LASF401
C:\Users\SEBAST~1\AppData\Local\Temp\ccYar430.s:7403   .debug_str:00000000000003a9 .LASF323
C:\Users\SEBAST~1\AppData\Local\Temp\ccYar430.s:7773   .debug_str:0000000000000cad .LASF324
C:\Users\SEBAST~1\AppData\Local\Temp\ccYar430.s:8061   .debug_str:000000000000131a .LASF326
C:\Users\SEBAST~1\AppData\Local\Temp\ccYar430.s:7387   .debug_str:0000000000000342 .LASF327
C:\Users\SEBAST~1\AppData\Local\Temp\ccYar430.s:7675   .debug_str:0000000000000a6e .LASF328
C:\Users\SEBAST~1\AppData\Local\Temp\ccYar430.s:7923   .debug_str:0000000000000fc1 .LASF329
C:\Users\SEBAST~1\AppData\Local\Temp\ccYar430.s:7783   .debug_str:0000000000000ce9 .LASF330
C:\Users\SEBAST~1\AppData\Local\Temp\ccYar430.s:7505   .debug_str:000000000000064a .LASF331
C:\Users\SEBAST~1\AppData\Local\Temp\ccYar430.s:7417   .debug_str:00000000000003e9 .LASF332
C:\Users\SEBAST~1\AppData\Local\Temp\ccYar430.s:7559   .debug_str:00000000000007d2 .LASF333
C:\Users\SEBAST~1\AppData\Local\Temp\ccYar430.s:7489   .debug_str:00000000000005da .LASF334
C:\Users\SEBAST~1\AppData\Local\Temp\ccYar430.s:8053   .debug_str:00000000000012f3 .LASF335
C:\Users\SEBAST~1\AppData\Local\Temp\ccYar430.s:7981   .debug_str:00000000000010fc .LASF336
C:\Users\SEBAST~1\AppData\Local\Temp\ccYar430.s:7461   .debug_str:000000000000054d .LASF337
C:\Users\SEBAST~1\AppData\Local\Temp\ccYar430.s:7483   .debug_str:00000000000005bd .LASF338
C:\Users\SEBAST~1\AppData\Local\Temp\ccYar430.s:7333   .debug_str:0000000000000190 .LASF339
C:\Users\SEBAST~1\AppData\Local\Temp\ccYar430.s:7771   .debug_str:0000000000000c8a .LASF340
C:\Users\SEBAST~1\AppData\Local\Temp\ccYar430.s:7985   .debug_str:0000000000001134 .LASF341
C:\Users\SEBAST~1\AppData\Local\Temp\ccYar430.s:7531   .debug_str:00000000000006fe .LASF342
C:\Users\SEBAST~1\AppData\Local\Temp\ccYar430.s:7459   .debug_str:0000000000000528 .LASF343
C:\Users\SEBAST~1\AppData\Local\Temp\ccYar430.s:7421   .debug_str:000000000000040e .LASF344
C:\Users\SEBAST~1\AppData\Local\Temp\ccYar430.s:7961   .debug_str:0000000000001097 .LASF345
C:\Users\SEBAST~1\AppData\Local\Temp\ccYar430.s:7437   .debug_str:0000000000000479 .LASF346
C:\Users\SEBAST~1\AppData\Local\Temp\ccYar430.s:7593   .debug_str:000000000000087c .LASF347
C:\Users\SEBAST~1\AppData\Local\Temp\ccYar430.s:7359   .debug_str:00000000000002ae .LASF348
C:\Users\SEBAST~1\AppData\Local\Temp\ccYar430.s:7313   .debug_str:000000000000012c .LASF349
C:\Users\SEBAST~1\AppData\Local\Temp\ccYar430.s:7507   .debug_str:0000000000000659 .LASF350
GAS LISTING C:\Users\SEBAST~1\AppData\Local\Temp\ccYar430.s 			page 37


C:\Users\SEBAST~1\AppData\Local\Temp\ccYar430.s:7711   .debug_str:0000000000000b28 .LASF351
C:\Users\SEBAST~1\AppData\Local\Temp\ccYar430.s:7277   .debug_str:0000000000000042 .LASF352
C:\Users\SEBAST~1\AppData\Local\Temp\ccYar430.s:7297   .debug_str:00000000000000af .LASF353
C:\Users\SEBAST~1\AppData\Local\Temp\ccYar430.s:7581   .debug_str:000000000000083c .LASF354
C:\Users\SEBAST~1\AppData\Local\Temp\ccYar430.s:7977   .debug_str:00000000000010e8 .LASF355
C:\Users\SEBAST~1\AppData\Local\Temp\ccYar430.s:7983   .debug_str:0000000000001122 .LASF356
C:\Users\SEBAST~1\AppData\Local\Temp\ccYar430.s:7419   .debug_str:00000000000003f5 .LASF357
C:\Users\SEBAST~1\AppData\Local\Temp\ccYar430.s:7301   .debug_str:00000000000000de .LASF358
C:\Users\SEBAST~1\AppData\Local\Temp\ccYar430.s:7657   .debug_str:0000000000000a0e .LASF359
C:\Users\SEBAST~1\AppData\Local\Temp\ccYar430.s:7491   .debug_str:00000000000005ed .LASF360
C:\Users\SEBAST~1\AppData\Local\Temp\ccYar430.s:7607   .debug_str:00000000000008e8 .LASF361
C:\Users\SEBAST~1\AppData\Local\Temp\ccYar430.s:7553   .debug_str:00000000000007a8 .LASF362
C:\Users\SEBAST~1\AppData\Local\Temp\ccYar430.s:7697   .debug_str:0000000000000aea .LASF363
C:\Users\SEBAST~1\AppData\Local\Temp\ccYar430.s:7337   .debug_str:00000000000001c5 .LASF364
C:\Users\SEBAST~1\AppData\Local\Temp\ccYar430.s:7599   .debug_str:00000000000008ad .LASF365
C:\Users\SEBAST~1\AppData\Local\Temp\ccYar430.s:7869   .debug_str:0000000000000eac .LASF366
C:\Users\SEBAST~1\AppData\Local\Temp\ccYar430.s:7409   .debug_str:00000000000003c5 .LASF367
C:\Users\SEBAST~1\AppData\Local\Temp\ccYar430.s:8065   .debug_str:000000000000132e .LASF368
C:\Users\SEBAST~1\AppData\Local\Temp\ccYar430.s:7941   .debug_str:0000000000001029 .LASF369
C:\Users\SEBAST~1\AppData\Local\Temp\ccYar430.s:7583   .debug_str:000000000000084d .LASF370
C:\Users\SEBAST~1\AppData\Local\Temp\ccYar430.s:7339   .debug_str:00000000000001d4 .LASF371
C:\Users\SEBAST~1\AppData\Local\Temp\ccYar430.s:7355   .debug_str:000000000000029c .LASF372
C:\Users\SEBAST~1\AppData\Local\Temp\ccYar430.s:7841   .debug_str:0000000000000e18 .LASF373
C:\Users\SEBAST~1\AppData\Local\Temp\ccYar430.s:7987   .debug_str:0000000000001145 .LASF374
C:\Users\SEBAST~1\AppData\Local\Temp\ccYar430.s:7717   .debug_str:0000000000000b5c .LASF375
C:\Users\SEBAST~1\AppData\Local\Temp\ccYar430.s:7501   .debug_str:0000000000000628 .LASF402
C:\Users\SEBAST~1\AppData\Local\Temp\ccYar430.s:606    .text.cdc_acm_get_line_state:0000000000000000 .LFB12
C:\Users\SEBAST~1\AppData\Local\Temp\ccYar430.s:615    .text.cdc_acm_get_line_state:000000000000000a .LFE12
C:\Users\SEBAST~1\AppData\Local\Temp\ccYar430.s:7887   .debug_str:0000000000000f08 .LASF376
C:\Users\SEBAST~1\AppData\Local\Temp\ccYar430.s:588    .text.cdc_acm_set_custom_cb:0000000000000000 .LFB11
C:\Users\SEBAST~1\AppData\Local\Temp\ccYar430.s:599    .text.cdc_acm_set_custom_cb:000000000000000a .LFE11
C:\Users\SEBAST~1\AppData\Local\Temp\ccYar430.s:7539   .debug_str:000000000000075e .LASF381
C:\Users\SEBAST~1\AppData\Local\Temp\ccYar430.s:7943   .debug_str:0000000000001035 .LASF378
C:\Users\SEBAST~1\AppData\Local\Temp\ccYar430.s:7997   .debug_str:00000000000011ae .LASF377
C:\Users\SEBAST~1\AppData\Local\Temp\ccYar430.s:484    .text.cdc_acm_data_send:0000000000000000 .LFB9
C:\Users\SEBAST~1\AppData\Local\Temp\ccYar430.s:512    .text.cdc_acm_data_send:000000000000002c .LFE9
C:\Users\SEBAST~1\AppData\Local\Temp\ccYar430.s:6721   .debug_loc:0000000000000000 .LLST22
C:\Users\SEBAST~1\AppData\Local\Temp\ccYar430.s:7367   .debug_str:00000000000002dc .LASF379
C:\Users\SEBAST~1\AppData\Local\Temp\ccYar430.s:6739   .debug_loc:000000000000002c .LLST23
C:\Users\SEBAST~1\AppData\Local\Temp\ccYar430.s:507    .text.cdc_acm_data_send:000000000000002a .LVL39
C:\Users\SEBAST~1\AppData\Local\Temp\ccYar430.s:7525   .debug_str:00000000000006d4 .LASF380
C:\Users\SEBAST~1\AppData\Local\Temp\ccYar430.s:458    .text.cdc_acm_data_receive:0000000000000000 .LFB8
C:\Users\SEBAST~1\AppData\Local\Temp\ccYar430.s:477    .text.cdc_acm_data_receive:000000000000001e .LFE8
C:\Users\SEBAST~1\AppData\Local\Temp\ccYar430.s:6757   .debug_loc:0000000000000058 .LLST21
C:\Users\SEBAST~1\AppData\Local\Temp\ccYar430.s:475    .text.cdc_acm_data_receive:000000000000001e .LVL36
C:\Users\SEBAST~1\AppData\Local\Temp\ccYar430.s:7311   .debug_str:0000000000000118 .LASF382
C:\Users\SEBAST~1\AppData\Local\Temp\ccYar430.s:7951   .debug_str:0000000000001059 .LASF385
C:\Users\SEBAST~1\AppData\Local\Temp\ccYar430.s:7443   .debug_str:00000000000004b0 .LASF383
C:\Users\SEBAST~1\AppData\Local\Temp\ccYar430.s:7385   .debug_str:000000000000033c .LASF384
C:\Users\SEBAST~1\AppData\Local\Temp\ccYar430.s:7335   .debug_str:00000000000001be .LASF386
C:\Users\SEBAST~1\AppData\Local\Temp\ccYar430.s:7603   .debug_str:00000000000008c3 .LASF387
C:\Users\SEBAST~1\AppData\Local\Temp\ccYar430.s:7641   .debug_str:00000000000009bf .LASF389
C:\Users\SEBAST~1\AppData\Local\Temp\ccYar430.s:84     .text.cdc_acm_deinit:0000000000000000 .LFB4
C:\Users\SEBAST~1\AppData\Local\Temp\ccYar430.s:129    .text.cdc_acm_deinit:0000000000000038 .LFE4
C:\Users\SEBAST~1\AppData\Local\Temp\ccYar430.s:6771   .debug_loc:0000000000000079 .LLST3
C:\Users\SEBAST~1\AppData\Local\Temp\ccYar430.s:6789   .debug_loc:00000000000000a5 .LLST4
C:\Users\SEBAST~1\AppData\Local\Temp\ccYar430.s:7695   .debug_str:0000000000000add .LASF388
GAS LISTING C:\Users\SEBAST~1\AppData\Local\Temp\ccYar430.s 			page 38


C:\Users\SEBAST~1\AppData\Local\Temp\ccYar430.s:6807   .debug_loc:00000000000000d1 .LLST5
C:\Users\SEBAST~1\AppData\Local\Temp\ccYar430.s:105    .text.cdc_acm_deinit:0000000000000014 .LVL8
C:\Users\SEBAST~1\AppData\Local\Temp\ccYar430.s:110    .text.cdc_acm_deinit:0000000000000020 .LVL9
C:\Users\SEBAST~1\AppData\Local\Temp\ccYar430.s:115    .text.cdc_acm_deinit:000000000000002e .LVL10
C:\Users\SEBAST~1\AppData\Local\Temp\ccYar430.s:7665   .debug_str:0000000000000a34 .LASF390
C:\Users\SEBAST~1\AppData\Local\Temp\ccYar430.s:25     .text.cdc_acm_init:0000000000000000 .LFB3
C:\Users\SEBAST~1\AppData\Local\Temp\ccYar430.s:77     .text.cdc_acm_init:0000000000000046 .LFE3
C:\Users\SEBAST~1\AppData\Local\Temp\ccYar430.s:6821   .debug_loc:00000000000000f2 .LLST0
C:\Users\SEBAST~1\AppData\Local\Temp\ccYar430.s:6839   .debug_loc:000000000000011e .LLST1
C:\Users\SEBAST~1\AppData\Local\Temp\ccYar430.s:6857   .debug_loc:000000000000014a .LLST2
C:\Users\SEBAST~1\AppData\Local\Temp\ccYar430.s:51     .text.cdc_acm_init:000000000000001e .LVL2
C:\Users\SEBAST~1\AppData\Local\Temp\ccYar430.s:56     .text.cdc_acm_init:000000000000002c .LVL3
C:\Users\SEBAST~1\AppData\Local\Temp\ccYar430.s:61     .text.cdc_acm_init:000000000000003a .LVL4
C:\Users\SEBAST~1\AppData\Local\Temp\ccYar430.s:136    .text.cdc_acm_data_out_handler:0000000000000000 .LFB5
C:\Users\SEBAST~1\AppData\Local\Temp\ccYar430.s:205    .text.cdc_acm_data_out_handler:000000000000004c .LFE5
C:\Users\SEBAST~1\AppData\Local\Temp\ccYar430.s:6871   .debug_loc:000000000000016b .LLST6
C:\Users\SEBAST~1\AppData\Local\Temp\ccYar430.s:6894   .debug_loc:00000000000001a3 .LLST7
C:\Users\SEBAST~1\AppData\Local\Temp\ccYar430.s:6919   .debug_loc:00000000000001dd .LLST8
C:\Users\SEBAST~1\AppData\Local\Temp\ccYar430.s:176    .text.cdc_acm_data_out_handler:0000000000000020 .LBB6
C:\Users\SEBAST~1\AppData\Local\Temp\ccYar430.s:203    .text.cdc_acm_data_out_handler:000000000000004c .LBE6
C:\Users\SEBAST~1\AppData\Local\Temp\ccYar430.s:186    .text.cdc_acm_data_out_handler:0000000000000032 .LVL16
C:\Users\SEBAST~1\AppData\Local\Temp\ccYar430.s:151    .text.cdc_acm_data_out_handler:000000000000000e .LVL13
C:\Users\SEBAST~1\AppData\Local\Temp\ccYar430.s:212    .text.cdc_acm_data_in_handler:0000000000000000 .LFB6
C:\Users\SEBAST~1\AppData\Local\Temp\ccYar430.s:295    .text.cdc_acm_data_in_handler:0000000000000040 .LFE6
C:\Users\SEBAST~1\AppData\Local\Temp\ccYar430.s:6944   .debug_loc:0000000000000217 .LLST9
C:\Users\SEBAST~1\AppData\Local\Temp\ccYar430.s:6962   .debug_loc:0000000000000243 .LLST10
C:\Users\SEBAST~1\AppData\Local\Temp\ccYar430.s:6998   .debug_loc:0000000000000296 .LLST11
C:\Users\SEBAST~1\AppData\Local\Temp\ccYar430.s:221    .text.cdc_acm_data_in_handler:0000000000000006 .LBB11
C:\Users\SEBAST~1\AppData\Local\Temp\ccYar430.s:7016   .debug_loc:00000000000002c2 .LLST12
C:\Users\SEBAST~1\AppData\Local\Temp\ccYar430.s:7024   .debug_loc:00000000000002d6 .LLST13
C:\Users\SEBAST~1\AppData\Local\Temp\ccYar430.s:7049   .debug_loc:0000000000000310 .LLST14
C:\Users\SEBAST~1\AppData\Local\Temp\ccYar430.s:256    .text.cdc_acm_data_in_handler:0000000000000026 .LVL20
C:\Users\SEBAST~1\AppData\Local\Temp\ccYar430.s:302    .text.cdc_acm_req_handler:0000000000000000 .LFB7
C:\Users\SEBAST~1\AppData\Local\Temp\ccYar430.s:451    .text.cdc_acm_req_handler:00000000000000d4 .LFE7
C:\Users\SEBAST~1\AppData\Local\Temp\ccYar430.s:7082   .debug_loc:0000000000000356 .LLST15
C:\Users\SEBAST~1\AppData\Local\Temp\ccYar430.s:7100   .debug_loc:0000000000000382 .LLST16
C:\Users\SEBAST~1\AppData\Local\Temp\ccYar430.s:7129   .debug_loc:00000000000003c7 .LLST17
C:\Users\SEBAST~1\AppData\Local\Temp\ccYar430.s:7147   .debug_loc:00000000000003f3 .LLST18
C:\Users\SEBAST~1\AppData\Local\Temp\ccYar430.s:382    .text.cdc_acm_req_handler:0000000000000064 .LBB27
C:\Users\SEBAST~1\AppData\Local\Temp\ccYar430.s:439    .text.cdc_acm_req_handler:00000000000000be .LBE27
C:\Users\SEBAST~1\AppData\Local\Temp\ccYar430.s:7154   .debug_loc:0000000000000406 .LLST19
C:\Users\SEBAST~1\AppData\Local\Temp\ccYar430.s:7161   .debug_loc:0000000000000419 .LLST20
C:\Users\SEBAST~1\AppData\Local\Temp\ccYar430.s:353    .text.cdc_acm_req_handler:000000000000003e .LVL30
C:\Users\SEBAST~1\AppData\Local\Temp\ccYar430.s:356    .text.cdc_acm_req_handler:0000000000000046 .LVL31
C:\Users\SEBAST~1\AppData\Local\Temp\ccYar430.s:519    .text.cdc_acm_EP0_RxReady:0000000000000000 .LFB10
C:\Users\SEBAST~1\AppData\Local\Temp\ccYar430.s:581    .text.cdc_acm_EP0_RxReady:000000000000005e .LFE10
C:\Users\SEBAST~1\AppData\Local\Temp\ccYar430.s:7168   .debug_loc:000000000000042c .LLST24
C:\Users\SEBAST~1\AppData\Local\Temp\ccYar430.s:533    .text.cdc_acm_EP0_RxReady:0000000000000012 .LBB31
C:\Users\SEBAST~1\AppData\Local\Temp\ccYar430.s:575    .text.cdc_acm_EP0_RxReady:000000000000005a .LBE31
C:\Users\SEBAST~1\AppData\Local\Temp\ccYar430.s:7182   .debug_loc:000000000000044d .LLST25
C:\Users\SEBAST~1\AppData\Local\Temp\ccYar430.s:7819   .debug_str:0000000000000da5 .LASF391
C:\Users\SEBAST~1\AppData\Local\Temp\ccYar430.s:7963   .debug_str:00000000000010ab .LASF392
C:\Users\SEBAST~1\AppData\Local\Temp\ccYar430.s:7995   .debug_str:00000000000011a0 .LASF393
C:\Users\SEBAST~1\AppData\Local\Temp\ccYar430.s:7721   .debug_str:0000000000000b6f .LASF394
C:\Users\SEBAST~1\AppData\Local\Temp\ccYar430.s:8059   .debug_str:0000000000001309 .LASF395
C:\Users\SEBAST~1\AppData\Local\Temp\ccYar430.s:7449   .debug_str:00000000000004e3 .LASF396
C:\Users\SEBAST~1\AppData\Local\Temp\ccYar430.s:8047   .debug_str:00000000000012c5 .LASF397
GAS LISTING C:\Users\SEBAST~1\AppData\Local\Temp\ccYar430.s 			page 39


C:\Users\SEBAST~1\AppData\Local\Temp\ccYar430.s:487    .text.cdc_acm_data_send:0000000000000000 .LVL37
C:\Users\SEBAST~1\AppData\Local\Temp\ccYar430.s:502    .text.cdc_acm_data_send:000000000000001e .LVL38
C:\Users\SEBAST~1\AppData\Local\Temp\ccYar430.s:461    .text.cdc_acm_data_receive:0000000000000000 .LVL35
C:\Users\SEBAST~1\AppData\Local\Temp\ccYar430.s:91     .text.cdc_acm_deinit:0000000000000002 .LCFI2
C:\Users\SEBAST~1\AppData\Local\Temp\ccYar430.s:125    .text.cdc_acm_deinit:0000000000000036 .LCFI3
C:\Users\SEBAST~1\AppData\Local\Temp\ccYar430.s:87     .text.cdc_acm_deinit:0000000000000000 .LVL6
C:\Users\SEBAST~1\AppData\Local\Temp\ccYar430.s:122    .text.cdc_acm_deinit:0000000000000032 .LVL11
C:\Users\SEBAST~1\AppData\Local\Temp\ccYar430.s:95     .text.cdc_acm_deinit:0000000000000006 .LVL7
C:\Users\SEBAST~1\AppData\Local\Temp\ccYar430.s:33     .text.cdc_acm_init:0000000000000002 .LCFI0
C:\Users\SEBAST~1\AppData\Local\Temp\ccYar430.s:73     .text.cdc_acm_init:0000000000000044 .LCFI1
C:\Users\SEBAST~1\AppData\Local\Temp\ccYar430.s:29     .text.cdc_acm_init:0000000000000000 .LVL0
C:\Users\SEBAST~1\AppData\Local\Temp\ccYar430.s:70     .text.cdc_acm_init:0000000000000040 .LVL5
C:\Users\SEBAST~1\AppData\Local\Temp\ccYar430.s:41     .text.cdc_acm_init:0000000000000010 .LVL1
C:\Users\SEBAST~1\AppData\Local\Temp\ccYar430.s:143    .text.cdc_acm_data_out_handler:0000000000000002 .LCFI4
C:\Users\SEBAST~1\AppData\Local\Temp\ccYar430.s:161    .text.cdc_acm_data_out_handler:0000000000000016 .LCFI5
C:\Users\SEBAST~1\AppData\Local\Temp\ccYar430.s:166    .text.cdc_acm_data_out_handler:0000000000000018 .LCFI6
C:\Users\SEBAST~1\AppData\Local\Temp\ccYar430.s:139    .text.cdc_acm_data_out_handler:0000000000000000 .LVL12
C:\Users\SEBAST~1\AppData\Local\Temp\ccYar430.s:164    .text.cdc_acm_data_out_handler:0000000000000018 .LVL14
C:\Users\SEBAST~1\AppData\Local\Temp\ccYar430.s:240    .text.cdc_acm_data_in_handler:0000000000000018 .LCFI7
C:\Users\SEBAST~1\AppData\Local\Temp\ccYar430.s:270    .text.cdc_acm_data_in_handler:000000000000002c .LCFI8
C:\Users\SEBAST~1\AppData\Local\Temp\ccYar430.s:215    .text.cdc_acm_data_in_handler:0000000000000000 .LVL18
C:\Users\SEBAST~1\AppData\Local\Temp\ccYar430.s:273    .text.cdc_acm_data_in_handler:000000000000002e .LVL21
C:\Users\SEBAST~1\AppData\Local\Temp\ccYar430.s:283    .text.cdc_acm_data_in_handler:000000000000003a .LVL22
C:\Users\SEBAST~1\AppData\Local\Temp\ccYar430.s:285    .text.cdc_acm_data_in_handler:000000000000003c .LVL23
C:\Users\SEBAST~1\AppData\Local\Temp\ccYar430.s:291    .text.cdc_acm_data_in_handler:000000000000003e .LVL24
C:\Users\SEBAST~1\AppData\Local\Temp\ccYar430.s:220    .text.cdc_acm_data_in_handler:0000000000000006 .LVL19
C:\Users\SEBAST~1\AppData\Local\Temp\ccYar430.s:335    .text.cdc_acm_req_handler:000000000000002e .LCFI9
C:\Users\SEBAST~1\AppData\Local\Temp\ccYar430.s:364    .text.cdc_acm_req_handler:000000000000004c .LCFI10
C:\Users\SEBAST~1\AppData\Local\Temp\ccYar430.s:305    .text.cdc_acm_req_handler:0000000000000000 .LVL25
C:\Users\SEBAST~1\AppData\Local\Temp\ccYar430.s:319    .text.cdc_acm_req_handler:000000000000001a .LVL26
C:\Users\SEBAST~1\AppData\Local\Temp\ccYar430.s:321    .text.cdc_acm_req_handler:000000000000001c .LVL27
C:\Users\SEBAST~1\AppData\Local\Temp\ccYar430.s:345    .text.cdc_acm_req_handler:0000000000000034 .LVL28
C:\Users\SEBAST~1\AppData\Local\Temp\ccYar430.s:367    .text.cdc_acm_req_handler:000000000000004e .LVL32
C:\Users\SEBAST~1\AppData\Local\Temp\ccYar430.s:351    .text.cdc_acm_req_handler:0000000000000036 .LVL29
C:\Users\SEBAST~1\AppData\Local\Temp\ccYar430.s:381    .text.cdc_acm_req_handler:0000000000000064 .LVL33
C:\Users\SEBAST~1\AppData\Local\Temp\ccYar430.s:436    .text.cdc_acm_req_handler:00000000000000be .LVL34
C:\Users\SEBAST~1\AppData\Local\Temp\ccYar430.s:522    .text.cdc_acm_EP0_RxReady:0000000000000000 .LVL40
C:\Users\SEBAST~1\AppData\Local\Temp\ccYar430.s:530    .text.cdc_acm_EP0_RxReady:000000000000000e .LVL41
C:\Users\SEBAST~1\AppData\Local\Temp\ccYar430.s:532    .text.cdc_acm_EP0_RxReady:0000000000000012 .LVL42
C:\Users\SEBAST~1\AppData\Local\Temp\ccYar430.s:572    .text.cdc_acm_EP0_RxReady:000000000000005a .LVL43
C:\Users\SEBAST~1\AppData\Local\Temp\ccYar430.s:891    .debug_info:0000000000000000 .Ldebug_info0
C:\Users\SEBAST~1\AppData\Local\Temp\ccYar430.s:237    .text.cdc_acm_data_in_handler:0000000000000016 .LBE11
C:\Users\SEBAST~1\AppData\Local\Temp\ccYar430.s:242    .text.cdc_acm_data_in_handler:0000000000000018 .LBB17
C:\Users\SEBAST~1\AppData\Local\Temp\ccYar430.s:248    .text.cdc_acm_data_in_handler:000000000000001c .LBE17
C:\Users\SEBAST~1\AppData\Local\Temp\ccYar430.s:252    .text.cdc_acm_data_in_handler:000000000000001e .LBB18
C:\Users\SEBAST~1\AppData\Local\Temp\ccYar430.s:258    .text.cdc_acm_data_in_handler:0000000000000026 .LBE18
C:\Users\SEBAST~1\AppData\Local\Temp\ccYar430.s:262    .text.cdc_acm_data_in_handler:0000000000000028 .LBB19
C:\Users\SEBAST~1\AppData\Local\Temp\ccYar430.s:267    .text.cdc_acm_data_in_handler:000000000000002a .LBE19
C:\Users\SEBAST~1\AppData\Local\Temp\ccYar430.s:275    .text.cdc_acm_data_in_handler:000000000000002e .LBB20
C:\Users\SEBAST~1\AppData\Local\Temp\ccYar430.s:288    .text.cdc_acm_data_in_handler:000000000000003c .LBE20
C:\Users\SEBAST~1\AppData\Local\Temp\ccYar430.s:329    .text.cdc_acm_req_handler:000000000000002c .LBB25
C:\Users\SEBAST~1\AppData\Local\Temp\ccYar430.s:332    .text.cdc_acm_req_handler:000000000000002c .LBE25
C:\Users\SEBAST~1\AppData\Local\Temp\ccYar430.s:339    .text.cdc_acm_req_handler:0000000000000030 .LBB26
C:\Users\SEBAST~1\AppData\Local\Temp\ccYar430.s:348    .text.cdc_acm_req_handler:0000000000000034 .LBE26

UNDEFINED SYMBOLS
usbd_ep_setup
GAS LISTING C:\Users\SEBAST~1\AppData\Local\Temp\ccYar430.s 			page 40


usbd_ep_clear
usbd_rxcount_get
usbd_ep_send
dbg_set_temporary_breakpoint
dbg_break
usbd_ep_recev
